Date,inflation,core,food_inf,food,X0121,X0122,X0211,X0212,X0220,X0230,X0311,X0312,X0314,X0321,X0322,X0411,X0441,X0442,X0451,X0452,X0453,X0454,X0511,X0512,X0513,X0520,X0531,X0533,X0540,X0561,X0562,X0611,X0621,X0622,X0623,X0630,X0711,X0712,X0713,X0721,X0722,X0723,X0724,X0732,X0733,X0734,X0810,X0820,X0831,X0911,X0912,X0922,X0941,X0943,X1011,X1111,X1112,X1211,X1213,X1231,X1251,X1271,X1700,COP,PMS,BDC,MPR,CCPS
6/1/2010,14.09892444,12.68614752,15.05308256,109.99,105.55,105.31,103.74,96,103.27,105.16,105.23,110.91,116.33,106.29,88.43,108.91,110.16,109.73,94.68,104.9,96.5,103.84,111.65,96.46,82.34,105.26,106.62,90.08,112.06,110.82,71.93,110.26,107.49,105.61,111.47,108.94,68.15,100.88,86.36,108.52,109.74,100.63,80.27,106.16,89.65,71.44,104.13,99.59,101.92,103.37,93.05,98.63,100.81,104.12,106.55,89.92,105.81,109.4,80.59,106.6,104.3,111.1,109.55,75.79,65,153.8684,6,8668810.38
7/1/2010,13.00207312,11.28656823,14.04262734,111.61,106.44,105.62,103.5,100.9,104.98,105.08,104.56,113.24,118.05,106.92,84.94,109.36,109.03,117.13,94.9,106.87,93.85,104.59,112.36,96.23,82.83,104.88,102.72,92.85,111.05,107.17,77.05,110.11,112.57,100.66,113.14,109.8,68.41,99.44,83.55,114.18,109.83,96.07,75.64,105.91,91.73,69.79,103.6,99.59,102.57,103.22,92.83,99.04,93.78,102.8,105.71,82.84,105.33,108.61,77.55,107.36,102.63,113.42,109.29,77.18,65,152.4091,6,8578774.07
8/1/2010,13.70167802,12.3658504,15.09018146,113.82,107.74,106.46,104.76,118.52,104.27,107.87,106.33,119.43,121.55,107.52,85.84,111.79,106.25,118.88,94.43,107.24,99.76,102,115.63,95.91,82.75,104.27,103.63,89.55,111.59,109.14,77.22,110.55,114.74,109.29,116.32,109.65,68.73,99.56,87.48,114.7,111.44,96.52,73.62,107.91,91.99,74.26,104.47,99.59,100.83,103.89,98.72,102.31,94.31,105.72,106.02,83.5,107.64,109.73,80.92,106.91,107.61,112.88,111.21,78.67,65,152.2273,6,8717509.23
9/1/2010,13.64995009,12.83007506,14.5697166,113.53,108.41,107.11,104.94,95.31,101.9,106.34,109.17,114.78,124.03,109.83,88.77,114.52,105.83,118.62,94.74,103.56,104.36,106.49,117.94,100.07,84.8,108.42,104.33,87.22,115.31,109.84,79.07,114.11,110.81,98.33,111.35,114.98,68.85,100.6,81.96,119.23,114.48,100.29,76.18,115.85,89.63,70.08,104.92,99.59,102.3,106.35,97.29,99.88,92.47,107.23,108.36,89.05,107.16,113.19,84.62,106.99,100.77,111.33,113.56,79.45,65,153.85,6.25,8837198.68
10/1/2010,13.44965385,13.16808782,14.06506375,113.98,109.96,110.68,106.39,101.72,105.18,107.84,112.09,118.35,107.48,107.72,88.34,111.96,105.15,102.45,99.65,105.78,113.25,110.81,115.44,100.19,89.68,105,105.59,91.81,110.33,113.18,72.17,118.02,116.71,102.46,113.31,106.91,69.06,101.3,87.58,107.54,109.9,97.48,79.09,109.79,90.85,67.66,104.93,99.59,103.09,109.91,102.43,103.74,92.39,101.31,110.11,81.32,109.37,111.31,87.18,111.7,103.53,110.81,114.09,84.42,65,153.975,6.25,8971663.54
11/1/2010,12.76600373,11.74637446,14.35070507,114.35,110.47,110.15,107.94,102.81,104.28,108.82,109.79,115.42,110.16,109.37,90.19,113.07,110.94,104.51,98.64,106.82,113.87,108.86,117.06,101.68,84.82,104.09,103.86,88.03,112.74,112.36,77.69,114.57,110.69,90.84,108.89,108.43,69.14,101.69,86.74,114.74,115.71,100.33,79.9,112.4,91.24,70.05,102.91,99.59,102.93,107.78,94.88,103.1,91.59,102.28,107.69,85.03,109.46,113.71,87.86,109.61,101.84,112.85,115.09,86.71,65,153.125,6.25,9132343.45
12/1/2010,11.81532331,10.91681929,12.70063002,115.4,110.35,110.75,109.35,103.32,103.86,108.83,111.09,116.18,112.62,110.36,92.72,112.38,111.75,106.36,98.79,107.47,114.19,109.96,116.74,103.01,86.69,105.73,104.46,90.12,115.15,112.61,78.31,115.51,111.49,93.29,110.07,109.85,69.22,103.51,88.97,116.03,116.08,102.04,82.36,112.58,91.26,70.31,103.51,99.59,103.03,108.27,96.56,105.01,92.48,102.58,109.14,86.91,110.03,113.01,89.91,110.82,101.29,112.71,115.39,92.79,65,154.5714,6.25,7367600.12
1/1/2011,12.07966546,12.11773308,10.25504179,114.33,110.72,110.84,116.31,114.28,104.91,110.4,115.15,119.02,112.98,110.75,93.22,113.49,114.62,120.16,107.76,107.89,114.96,112.42,118.77,104.34,96.42,107.06,108.8,93.32,116.08,112.47,83.25,116.5,114.39,104.37,126.23,111.26,82.13,104.52,91.18,116.75,116.53,102.23,90.58,113.11,93.21,71.61,106.58,99.59,106.97,78.54,68.8,41.07,67.89,72.19,110.22,87.71,110.16,114.23,95.14,111.44,101.56,113.24,96.04,97.96,65,156.125,6.5,7081030.75
2/1/2011,11.09983663,10.56876111,12.22137798,117.65,111.82,111.44,116.63,114.69,97.75,109.12,112.66,119.6,113.51,111.96,93.85,114.13,115.01,124.12,108.06,108.44,115.62,113.04,118.36,105.54,97.91,108.03,109.32,96.6,117.42,113.45,85.22,117.57,115.18,105.73,127.46,112.43,85.74,105.34,92.25,117.29,117.37,102.94,91.6,113.8,93.7,72.23,107.76,99.59,107.38,104.86,97.83,117.82,94.17,101.88,110.59,95.75,111.86,114.72,95.18,111.95,101.92,112.58,124.02,106.57,65,155.1053,6.5,7009928.49
3/1/2011,12.77912837,12.81478493,12.16875775,118.12,112.13,112.07,117.37,115.29,102.42,107.95,113.2,118.93,113.82,111.83,93.97,114.45,115.81,124.41,108.37,108.62,116.72,112.74,118.6,106.23,97.24,106.92,109.28,96.39,117.78,113.68,85.3,118.57,115.85,106.42,127.78,112.49,86.51,105.95,92.46,118.29,117.53,103.4,91.65,114.01,93.74,72.22,107.67,99.59,107.42,105.52,97.72,119.16,93.81,103.58,111.04,95.77,112.46,114.83,95.6,112.29,102.52,114.04,119.42,116.56,65,157.087,7.5,7211338.25
4/1/2011,11.29128164,12.88215991,11.62872182,118.95,112.23,112.69,118.19,116.91,103.75,108.52,113.74,120.12,114.76,112.67,94.69,124.4,116.69,128.05,116.12,109.33,117.58,114.07,119.29,107.69,98.76,105,112.95,96.77,118.09,113.99,90,119.78,116.43,106.81,130.69,114.59,88.05,106.35,93.01,118.82,119.39,104.2,98.34,114.82,94.67,84.38,108.18,99.59,107.93,107.12,100.93,119.2,95.64,105,111.37,99.65,113.11,115.31,96.2,113.05,102.86,114.47,119.12,124.49,65,157.0476,7.5,7214419.51
5/1/2011,12.35212784,13.00636937,12.17901707,118.55,112.88,113.09,118.34,116.86,104.29,108.66,114.02,120.52,114.86,112.78,95.02,124.54,117.15,128.4,116.16,109.48,118.35,115.03,120.28,107.71,99.51,105.62,113.17,97.23,118.37,114.56,92.74,118.9,116.9,108.36,131.24,116.33,96.15,106.36,93.47,119.35,120.15,104.52,98.87,115.54,96.25,86.21,107.97,99.59,107.89,107.24,100.97,119.81,97.35,105.29,111.9,101.81,112.76,115.4,96.26,112.52,102.91,114.67,120.55,118.43,65,158.0455,8,6933294.57
6/1/2011,10.23018265,11.52352967,9.21995452,120.13,113.05,113.48,118.78,117.69,104.37,109.26,114.42,120.83,115.31,112.68,99.03,125.06,117.58,128.46,118.26,109.68,118.78,115.55,120.43,107.87,100.8,105.75,113.2,97.91,118.5,115.02,99.35,119.13,117.26,108.51,131.33,116.43,102.53,106.92,96.84,119.5,125.75,104.73,99.04,115.63,100.1,94.11,108.11,99.59,108.2,107.54,101.29,120.19,98.14,105.01,112.2,102.68,113.11,115.81,96.28,113.04,103.26,125.51,111.89,117.03,65,158.3182,8,6943442.23
7/1/2011,9.397383393,11.47172075,7.876968072,120.4,113.1,113.53,119.19,118.58,104.83,110.17,114.6,121.33,115.79,112.75,99.64,125.19,117.88,128.62,127.88,109.84,119.02,115.66,120.77,108.2,101.6,106.16,113.17,98.43,118.61,115.32,100.59,120.16,117.66,109.08,132.61,119.18,103,107.87,96.97,119.8,126.19,105.63,99.27,115.93,101.02,94.65,108.25,99.59,108.67,107.8,101.48,120.48,102.06,105.12,112.64,102.68,112.62,116.44,96.54,113.8,103.67,125.91,112.6,117.86,65,163.7143,8.75,7040928.59
8/1/2011,9.300722795,10.86314024,8.664705688,123.68,123.02,114.46,124.88,119.01,105.38,110.59,115.21,122.3,116.9,113.21,101.75,125.51,118.9,128.87,127.88,110.22,121.27,119.89,125.3,113.32,100.06,108.08,113.69,100.37,119.49,116.27,100.77,122.01,118.56,112.44,132.93,119.67,103.63,108.47,98.64,120.51,126.72,106.69,99.82,116.86,101.39,97.21,108.39,100.13,108.85,108.02,102.8,120.68,102.01,105.61,112.9,104.78,113.59,118.65,99.87,114.17,103.73,126.36,115.97,111.99,65,163.0952,8.75,7124427.55
9/1/2011,10.33903185,11.56670475,9.479300989,124.78,123.36,114.65,125.15,119.64,105.81,110.92,115.44,122.72,117.14,112.98,102.08,126.07,119.25,130.12,158.22,110.79,121.77,120.35,125.5,113.66,100.94,108.49,114.5,101.49,119.72,116.17,102.12,122.23,118.86,112.79,133.04,120.07,103.57,109.35,98.95,121.27,127.05,107.35,100.15,116.63,101.45,97.31,108.16,100.63,109.67,111.12,100.21,125.19,104.69,112.59,113.77,105.58,114.96,120.01,100.38,114.72,103.76,127.33,117.63,115.73,65,158.2273,9.25,7314509.01
10/1/2011,10.5444484,11.53870661,9.656081443,124.98,124.74,114.88,126.5,121.31,106.08,113.06,117.58,124.56,118.58,114.98,104.38,126.52,119.76,130.53,158.22,110.85,122.07,120.79,125.6,114.03,101.38,108.73,114.78,102.17,119.81,116.3,102.29,124.07,119.15,113.34,134.51,120.51,104.1,110.3,102.3,122.03,130.96,108.32,101.97,117.85,101.95,97.85,108.37,100.64,110.02,112.02,101.07,125.25,104.3,112.46,113.96,105.89,115.16,120.5,101.27,115.86,103.8,127.61,116.95,113.12,65,161.25,12,7400252.81
11/1/2011,10.54000511,11.45866043,9.622701091,124.94,118.32,114.92,127.67,123.34,106.93,114.4,118.04,125.03,118.86,115.38,104.8,126.65,119.82,130.93,158.22,111.07,122.18,120.9,126.03,114.07,101.73,108.85,114.96,102.43,119.86,116.66,102.33,124.13,119.6,113.5,134.98,120.84,104.26,110.9,102.38,122.7,131.43,108.91,102.56,118.27,102.57,97.97,108.38,100.64,110.08,116.95,106.97,125.63,110.43,112.9,114.17,106.2,115.38,120.77,101.39,116.16,103.89,127.88,123.93,113.92,65,160.35,12,7532681.34
12/1/2011,10.28302596,10.82220866,11.020388,128.12,128.98,117.02,129.58,125.53,107.25,116.82,118.5,126.65,119.7,116.32,105.66,126.82,121.47,131.49,158.22,111.56,123,121.7,126.3,114.19,103.55,108.99,115.21,102.48,120.01,117.19,102.63,125.63,121.59,114.72,135.72,122.13,106.76,111.43,102.97,124.91,139.99,117.52,102.78,118.56,103.19,98.38,108.57,105,110.31,121.34,108.16,131.51,114.3,114.85,114.6,106.81,117.14,126.65,104.16,119.53,106.62,128.45,125.3,111.46,65,163.3,12,6972366.28
1/1/2012,12.62596924,12.74843847,13.05254152,129.26,130.57,118.49,131.06,126.23,108.05,117.68,119.22,128.09,123.1,117.72,106.85,127.82,122.48,132.89,158.22,115.28,124.5,123.18,126.61,117.45,106.69,109.94,116.37,103.1,120.96,119.08,103.86,127.3,123.89,117.14,137.91,124.35,108.1,111.86,105.91,126.38,146.48,119.1,104.82,125.02,104.59,101.12,108.49,106.78,111.04,119.53,108.78,132.15,115.79,115.94,115.04,108.28,117.59,125.89,104.76,121.64,107.41,128.87,121.59,113.81,141,164.62,12,6914456.91
2/1/2012,11.86568599,11.90056874,9.728718853,129.1,132.86,122.29,131.06,126.23,108.05,117.68,119.23,128.1,123.1,117.72,106.85,127.85,122.48,132.89,158.23,115.28,124.52,123.19,126.61,117.45,106.69,109.94,116.37,103.1,120.97,119.09,103.86,127.3,123.89,117.14,137.92,124.35,108.1,111.86,105.91,126.38,146.49,119.1,104.82,125.03,104.59,101.12,108.49,106.78,111.04,119.53,108.78,132.15,115.79,115.94,115.06,108.28,117.6,125.9,104.76,121.64,107.41,128.87,121.64,121.87,97,160.85,12,6849210.11
3/1/2012,12.1108986,14.99507725,11.8481676,132.11,124.77,120.05,128.38,116.59,114.48,126.06,131.12,139.15,151.7,127.41,100.03,144.1,114.31,115.62,158.72,128.9,134.06,134.72,138.49,113.33,117.08,121.47,120.29,109.58,134.63,130.98,97.47,121.79,138.53,120.93,134.22,124.99,105.92,110.71,102.92,128.17,150.81,128.34,110.35,146,109.05,91.79,111.51,106.89,118.03,117.5,103.58,120.32,107.57,118.78,125.6,98.24,125.46,130.61,96.26,129.4,111.53,136.01,129.9,128,97,159.4091,12,6961405.06
4/1/2012,12.86566161,14.70268635,11.24566512,132.33,124.55,120.45,128.84,118.75,115.06,126.8,130.8,139.93,151.97,128.16,100.84,143.65,114.56,115.98,158.71,129.44,134.25,134.39,139.67,114.01,117.66,122.03,120.61,109.88,135.09,131.4,98.16,122.56,139.1,121.62,134.02,125.55,106.05,111.29,104.63,128.73,150.12,128.83,110.52,146.39,109.29,92.41,111.79,106.89,119.07,118.22,103.39,120.94,110.68,118,125.01,98.82,125.95,130.92,97.05,129.57,112.08,136.61,131.29,122.62,97,159.3684,12,7095400.33
5/13/2012,12.68829751,14.92627941,12.94205963,133.89,125.14,121.16,129.84,119.8,115.24,127.71,131.07,140.57,152.25,128.66,103.77,143.92,114.68,117.32,158.71,129.73,134.46,134.72,140.18,114.48,118.61,122.67,121.16,110.31,135.51,131.51,105.26,123.21,139.62,124.03,134.78,125.82,106.39,111.71,105.51,129.59,150.56,129.03,110.91,146.73,109.89,96.2,112.08,106.89,119.7,119.08,104.02,121.83,112,118.16,125.5,101.61,126.32,131.48,100.53,129.91,112.82,137.08,132.53,113.08,97,159.6666667,12,7255306.03
6/24/2012,12.89198092,15.19905583,11.99146471,134.54,125.96,121.43,130.05,120.75,115.57,128.35,130.9,140.75,152.27,128.89,105.28,144.19,115.62,117.9,222.16,130.42,135.27,136.41,139.51,114.56,121.35,123.51,121.91,111.28,136.43,131.63,106.36,123.58,140.05,124.24,134.84,125.83,106.04,114.43,105.76,130.28,150.58,129.27,111.05,147.12,110.31,97.75,111.94,106.89,120.59,119.1,104.34,121.88,112.52,119.07,125.69,104.16,126.42,131.83,100.58,130.3,112.9,137.37,132.59,98.06,97,163.4286,12,7574598.22
7/24/2012,12.79687673,15.0447776,12.09271917,134.96,126.36,122.09,129.95,120.82,115.82,128.92,131.07,140.82,152.11,129.17,105.43,144.38,116.04,118.15,222.16,131.28,135.72,136.52,139.36,114.76,121.39,124.2,122.3,112.17,136.61,131.54,106.71,124.01,140,124.52,134.81,126.65,106.09,114.69,105.84,130.31,150.9,129.21,111.15,147.72,110.53,100.15,112.13,106.89,120.62,119.45,104.61,122.04,112.97,119.3,125.86,104.85,126.75,132.12,100.7,130.7,113.14,137.59,132.88,104.62,97,163.3182,12,7634960.73
8/24/2012,11.68927235,14.71400083,9.910261615,135.94,126.74,123.23,130.9,121.44,115.96,129.79,132.03,141.61,153.19,129.32,105.66,145.09,116.63,119.39,228.23,131.75,136.09,137.09,140.04,115.6,121.65,124.55,122.95,112.71,137.4,132.3,107.08,124.67,140.93,125.5,135.22,127.19,106.59,115.36,106.34,130.9,151.91,130.54,111.75,148.44,111.2,100.52,112.38,106.89,121.24,119.95,105.28,122.99,113.37,119.87,126.38,105.01,127.79,132.8,101.22,131.26,113.71,138.09,134.18,113.76,97,162.2381,12,7728195.92
9/1/2012,11.25299073,13.10147828,10.16363366,137.47,127.95,124.15,131.66,122.3,116.67,129.89,133.07,142.35,154.31,130.1,106.54,146.5,116.97,120,240.58,132.89,137.05,138.24,140.73,116.34,122.85,125.23,123.77,113.17,138.4,133.31,107.74,125.09,141.32,126.06,135.73,127.78,107.23,115.6,107.24,131.72,152.35,130.91,112.13,149.43,112.16,102.53,112.55,107.3,121.76,121.19,106.35,123.04,114.39,120.11,126.69,106.13,128.32,133.1,102.5,132.71,113.78,139.15,134.19,114.36,97,159.8,12,7664015.54
10/1/2012,11.69337676,12.39789889,11.06400349,138.81,128.83,124.38,132.41,122.89,117.18,130.72,134.96,142.86,155.97,130.44,106.94,146.98,117.53,120.5,249.25,133.76,138.29,138.43,141.34,117.64,123.52,126.04,124.01,114.42,139.17,133.86,107.93,125.7,142.07,126.53,136.34,128.54,107.83,116.35,107.72,132.37,153.66,131.83,112.63,151.06,114.04,102.99,112.76,107.3,122.43,122.02,107.27,124.96,114.78,120.74,128.08,106.91,128.72,134.31,103.12,133.78,113.89,139.9,135.3,108.92,97,159,12,7632361.78
11/1/2012,12.32006942,13.09150953,11.55277595,139.84,129.45,125.16,133.28,123.89,117.93,131.51,135.73,143.13,156.35,131.83,107.53,147.25,118.26,121.02,254.03,134.4,138.86,138.84,142.08,118.37,124.25,126.72,125.19,114.82,139.65,134.4,108.36,126.12,142.52,127.13,136.89,129.06,108.31,116.82,107.82,132.93,154.36,132.01,113.26,151.2,114.8,103.05,113.4,107.3,122.53,122.5,107.72,125.23,115.02,121.24,128.82,107.43,128.94,134.61,103.49,134.57,114.31,140.11,136.24,111.05,97,159.3182,12,7825317.49
12/1/2012,11.98108448,13.68519862,10.19935569,141.19,130.11,125.85,135.15,125.21,118.17,132.54,136.8,144.05,156.87,132.57,108.56,147.67,118.81,121.73,255.99,134.72,140.16,140.01,142.76,118.75,124.79,126.94,125.41,115.03,139.83,134.59,108.62,126.52,142.76,127.64,137.37,129.41,108.39,117.01,108.06,133.33,155.18,132.1,114.66,153.9,115.49,104.37,113.58,107.3,122.81,122.72,108.11,126.06,115.27,122.09,129.07,107.91,129.33,135.05,103.85,134.85,114.45,140.44,137.61,114.49,97,159.2632,12,7672657.18
1/1/2013,9.031228097,11.34195566,10.10563879,142.32,130.75,126.48,136.08,125.68,119.63,133.06,137.67,145.3,158.03,133.22,109.3,148.2,119.12,123.05,256.25,135.37,141.19,140.67,144.49,119.82,126.04,127.68,126.43,115.43,140.1,135.54,109,127.03,143.18,128.17,137.58,129.7,109.41,117.56,108.87,133.86,155.65,132.68,115.12,154.02,115.62,104.89,113.87,107.3,122.91,122.79,108.49,126.15,115.93,122.52,129.27,107.98,129.7,135.2,104.52,135.05,114.59,140.95,138.72,115.24,97,159.1190476,12,7550622.08
2/1/2013,9.541969032,11.18360683,10.97266821,143.26,131.68,126.99,137.09,126.6,120.39,134.34,138.89,146.59,159.3,134.41,110.22,149.65,120.15,123.98,257.31,136.2,142.56,141.9,145.7,120.89,127.04,128.69,127.58,116.42,141.37,136.51,109.81,128.12,144.54,129.35,138.66,130.81,110.22,118.54,109.75,135.03,157.07,133.9,116.16,155.5,116.5,105.81,114.23,107.3,123.71,123.86,109.36,127.29,116.93,123.7,130.19,108.85,130.8,136.3,105.48,136.33,115.15,142.26,139.07,118.81,97,158.7,12,7697713.56
3/1/2013,8.593279888,7.178824517,9.482134768,144.64,132.65,127.47,137.75,127.75,120.81,135.16,139.39,147.22,159.84,134.28,110.88,150.18,120.43,125.7,257.44,136.91,144.26,141.97,146.07,121.31,127.49,129.27,128.22,117.17,142.11,136.94,110.59,129.08,145.41,129.91,139.97,131.19,110.66,119.41,109.89,135.13,157.93,134.57,116.21,156.02,116.95,106.13,114.95,107.3,124.29,124.32,109.99,128.21,117.49,124.37,131.21,109.63,130.86,138.06,106.27,137.18,115.4,143.2,139.3,112.79,97,159.8,12,7901817.51
4/1/2013,9.05152417,6.873969008,10.00631287,145.57,133.12,127.62,138.82,128.31,121.34,135.87,140.24,148.55,160.8,135.05,111.57,150.51,120.91,126.44,258.07,137.93,144.59,142.58,146.78,121.73,128.88,130.24,128.94,118.15,142.68,137.68,111.51,129.69,146.12,131.63,141.25,132.05,111.38,120.13,110.33,136.5,158.19,135.06,116.79,157.13,117.24,106.65,115.02,107.3,124.48,125.1,110.54,128.68,118.75,124.95,131.75,110.31,131.3,138.87,107.22,138.16,115.88,144.23,139.93,105.55,97,159.8095238,12,7969139.98
5/1/2013,8.96389221,6.226848049,9.321480168,146.37,134.54,128.74,139.49,128.78,121.85,136.95,142.07,149.14,161.85,136.6,112.57,151.44,122.17,127.34,258.14,138.75,145.61,143.64,147.65,122.21,130.1,131.18,132.17,118.85,143.99,139.54,112.32,131.52,147.3,133.06,142.12,132.75,111.99,120.81,114.12,137.31,159.65,136.57,117.39,158.48,117.55,107.02,115.58,107.3,125.19,126.4,111.23,129.06,119.8,125.93,133.21,110.97,132.35,139.94,108.07,138.87,116.31,145.18,140.05,106,97,159.5714286,12,8138604.10
6/1/2013,8.353156271,5.472358979,9.605582371,147.46,134.7,129.27,140.45,129.68,122.62,137.05,143.01,149.49,162.31,136.95,113.62,152.34,122.85,128.27,258.91,139.18,146.29,144.47,148.34,123.21,131.35,131.84,132.87,119.76,144.41,140.07,113.11,132.27,148.25,133.33,142.79,133.53,112.61,121.2,114.55,137.75,159.97,137.06,118.56,159.11,117.73,107.2,116.28,107.3,125.55,126.82,111.98,129.16,120.96,126.61,133.33,111.87,132.86,140.56,108.84,139.4,116.81,145.5,141.37,106.06,97,160.975,12,8309384.24
7/1/2013,8.682261186,6.579605549,9.994305419,148.45,135.41,129.83,141.22,130.46,123.1,137.66,143.68,150.02,162.7,137.77,114,153.01,123.07,128.66,260.03,139.56,147.18,145.38,148.52,123.82,132.1,132.54,133.82,120.37,145.12,140.52,113.58,132.55,149.38,133.43,143.23,134.01,113.24,121.79,115.1,138.83,160.19,137.84,119.1,159.64,118.07,107.54,116.46,107.3,126.13,127.17,112.46,129.5,121.18,126.76,133.53,112.48,133.47,140.85,109.12,139.66,117.34,145.9,142.39,109.78,97,162.4347826,12,8370716.94
8/1/2013,8.230815778,7.245348932,9.723318818,149.16,135.95,129.9,141.6,130.64,123.4,138.02,143.83,150.22,163.05,137.57,114.2,153.03,123.48,128.93,259.56,138.99,146.61,144.82,148.71,123.94,132.26,133.03,133.92,120.55,145.36,140.53,113.76,132.55,149.39,133.55,143.38,134.13,113.28,121.99,115.06,138.9,160.23,137.9,119.21,159.81,118.23,107.7,116.52,107.3,126.29,127.27,112.6,129.9,121.29,126.98,133.75,112.68,133.66,140.92,109.16,139.93,117.47,146.18,143.21,107.84,97,162.275,12,8712750.76
9/1/2013,7.951913585,7.410066354,9.436944092,150.44,136.75,131.23,142.41,131.31,124.05,139.13,144.75,151.38,164.22,138.42,114.94,154.45,123.84,129.66,260.11,139.82,146.99,145.37,149.51,124.66,132.62,133.94,134.4,121.01,146,141.47,114.6,133.58,150.32,134.03,143.9,134.66,113.58,122.4,115.89,139.81,161.53,138.73,119.69,161.08,118.83,108.2,116.68,107.58,127.13,128.01,112.94,131,121.92,127.53,134.87,113.24,134.75,142.27,109.89,140.56,118.03,146.7,144.26,113.59,97,163.1428571,12,8922379.29
10/1/2013,7.807248522,7.578696579,9.248566326,151.65,137.85,132.35,143.51,132.27,125.18,139.99,146,152.66,165.11,139.53,115.47,154.79,124.71,130.71,262.09,140.89,148.13,146.47,150.72,125.58,133.66,135.13,135.48,121.98,147.22,142.41,115.49,134.55,151.59,135.05,145.01,135.72,114.41,123.35,116.45,140.93,162.65,139.9,120.57,162.38,119.71,109,117.55,108.37,128.13,129.02,113.81,131.98,122.99,128.62,136.05,114.06,135.94,143.56,110.81,141.71,119.03,147.82,145.46,112.29,97,165,12,8890862.21
11/1/2013,7.931397268,7.75014111,9.313337057,152.86,138.24,133.29,144.81,132.85,125.91,140.59,147.16,153.89,166.36,140.57,116.17,155.89,125.47,131.14,263.45,141.4,148.85,147.43,152.03,126.36,134.31,135.79,136.21,122.63,148.16,143.15,116.37,135.03,152.58,135.63,145.8,136.44,114.81,123.91,116.86,142.1,163.72,140.59,121.31,163.22,120.28,109.36,117.96,108.74,128.58,129.84,114.58,132.43,123.62,129.06,136.96,114.49,136.95,144.72,111.38,142.31,119.65,148.98,146.34,111.14,97,167.1428571,12,9058198.89
12/1/2013,7.956880785,7.871804189,9.252608934,154.25,139.2,134.48,145.67,133.66,126.28,141.3,148.28,155.05,167.62,141.43,116.83,156.76,126.12,131.82,264.71,142.31,149.84,148.34,153.02,127.17,135.26,136.9,136.85,123.67,149.15,144.14,117.02,136.15,153.26,136.19,146.25,137.54,115.2,124.39,117.31,142.85,165.06,141.79,121.97,164.44,121.08,109.73,118.48,109.12,129.11,130.7,115.07,132.89,124.1,129.5,137.88,115.24,137.83,145.74,111.94,143.25,120.4,150.04,147.42,112.75,97,171.4,12,9343053.34
1/1/2014,7.976545095,6.647509707,9.271137417,155.52,140.64,135.35,147.06,134.78,126.67,142.12,149.35,155.89,168.86,142.3,116.99,157.13,126.96,133.64,265.38,143.24,150.48,148.93,154.19,127.73,135.95,137.83,137.73,124.7,149.86,144.92,118.05,136.53,154.2,136.61,147.44,138.44,115.67,125.13,118.44,143.43,165.56,142.49,122.18,165.64,121.2,110.45,119.42,109.54,129.26,131.64,116.82,133.56,124.62,130.05,138.28,115.99,138.26,146.12,112.74,143.46,121.36,150.92,148.39,110.19,97,171.7142857,12,9468375.63
2/1/2014,7.707050814,7.166405474,9.207290049,156.45,141.34,135.78,147.83,135.39,127.44,142.3,150.04,156.65,169.51,142.78,117.75,157.78,127.08,134.07,265.64,144.16,151.32,149.37,154.71,128.32,136.44,138.23,138.08,125.73,150.34,145.44,118.78,137.14,155.35,137.15,147.9,138.74,116.62,125.47,118.74,144.18,165.97,142.87,123.08,166.28,121.99,110.7,119.86,109.92,129.48,132.67,117.05,133.68,125.25,130.46,138.67,117.57,138.46,146.56,113.73,143.76,121.83,151.1,149.12,110.83,97,169.45,12,9745551.50
3/1/2014,7.783373663,6.835801001,9.254115812,158.02,142.59,136.91,148.54,136.68,127.83,143.27,150.53,157.15,170.76,143.57,118.28,158.65,127.68,134.94,265.9,145.27,152.41,150.32,155.38,129.45,136.96,138.81,139.04,126.84,151.27,146.5,119.5,138.12,156.05,137.94,148.96,139.38,117.11,125.94,119.48,144.55,167.41,143.7,123.51,167.6,122.5,111.14,120.68,110.37,130,133.51,117.56,133.69,125.68,130.87,139.4,118.18,139.33,147.55,114.68,144.97,122.5,151.71,150.25,109.47,97,171.5,12,9958625.66
4/1/2014,7.851235118,7.507542311,9.414039563,159.27,143.77,137.77,149.34,137.78,128.52,144.05,151.16,158.01,171.53,144.13,118.63,159.38,128.24,135.75,265.95,146.29,153.45,151.18,155.55,130.12,137.26,139.43,140.11,127.96,151.72,147.05,120.02,138.55,156.61,138.55,149.21,139.62,117.66,126.49,120.5,144.93,168.21,144.08,123.89,168.07,123.17,112.08,121.11,111,130.41,134.33,118.08,134.5,126.03,131.51,139.86,118.58,140.13,148.43,114.87,145.47,122.94,152.15,151.1,110.41,97,170.25,12,10119196.96
5/1/2014,7.964587781,7.693181181,9.698387757,160.56,144.39,138.89,150.5,138.7,129.14,144.9,152.56,159.53,173.04,145.39,119.46,160.58,129.28,136.47,265.96,147.21,154.77,152.33,156.64,131.36,137.96,140.48,140.86,128.82,152.72,148.45,120.78,139.66,157.51,139.53,150.52,140.5,118.15,127.26,121.48,146.17,169.55,144.54,124.66,169.49,123.8,112.87,121.55,111.45,130.96,135.29,119.19,135.68,126.6,132.2,140.85,119.55,141.35,149.72,115.71,146.65,123.22,153.35,152.37,111.9,97,166.85,12,10071420.86
6/1/2014,8.166670552,8.121807088,9.775950501,161.88,145.29,139.88,151.56,139.48,130.14,146.01,153.7,160.85,174.43,146.6,120.31,161.84,130.18,137.42,268.54,148.31,155.91,153.59,157.81,132.36,139.2,141.62,141.72,129.84,153.9,149.5,121.64,140.46,158.7,140.47,151.74,141.61,118.52,127.53,122.47,147.32,170.91,145.41,125.67,170.73,124.76,113.64,122.23,111.98,131.62,136.11,120.23,136.57,127.33,133.07,141.33,120.3,142.52,150.89,116.64,147.99,123.9,154.37,153.43,114.6,97,167.1666667,12,10308480.75
7/1/2014,8.281183921,7.116215441,9.878029873,163.11,145.68,140.75,152.26,140.3,130.92,147.14,154.76,161.6,175.15,147.52,120.57,162.99,130.66,137.99,270.13,148.67,156.36,154.45,159.05,133.44,140.62,142.34,142.16,131.04,154.95,150.52,123.15,140.76,159.86,141.57,152.5,142.58,118.91,128.13,123.61,148.34,171.28,147.54,126.14,171.27,125.7,114.31,122.54,112.22,132.05,137.41,121.35,137.57,127.77,133.22,141.77,121.06,143.28,151.54,117.79,148.53,124.47,155.04,154,109.63,97,167.7142857,12,10557868.54
8/1/2014,8.534330231,6.263969936,9.959344473,164.01,146.71,141,153.17,141.26,131.56,147.85,155.43,162.38,175.58,147.98,121.24,163.24,131.03,138.21,270.53,149.04,156.85,155.52,160.02,133.87,141.26,143.07,142.69,131.58,155.51,151.32,123.87,141.37,160.89,142.5,153.37,143.34,118.96,128.19,124.06,149.16,172.42,148.46,126.71,172.36,125.81,114.39,122.74,112.22,132.33,138.34,121.88,137.74,128.34,133.61,142.64,121.8,143.83,152.12,118.37,149.13,124.81,155.99,154.88,102.33,97,170.3571429,12,10683741.98
9/1/2014,8.316720055,6.277562108,9.676434634,165,147.17,141.6,154.27,141.82,132.37,148.61,156.01,163.39,176.71,148.78,121.87,164.23,131.27,138.6,270.68,149.82,157.32,156.12,161.22,134.53,141.89,143.43,143.34,132.22,156.38,152.51,124.37,141.99,161.71,142.81,153.79,143.99,118.96,128.27,124.31,150.07,173.6,149.11,127.57,173.03,126.23,114.48,123,112.88,132.46,138.85,122.08,137.74,128.64,133.86,143.88,122.46,144.64,152.98,119.32,149.56,125.27,156.81,155.97,98.27,97,168.6363636,12,10982161.85
10/1/2014,8.06026218,6.25202434,9.343243963,165.82,148.14,142.26,155.11,142.83,133.24,149.4,156.99,164.5,177.45,149.78,122.25,164.96,131.52,139.03,271.01,150.08,157.98,157.07,161.97,135.1,142.95,144.26,143.88,133.22,157.16,153.57,125.06,142.81,162.58,143.37,154.76,144.91,118.98,128.89,125.15,150.48,174.84,150.01,128.58,173.83,126.82,114.73,123.7,112.88,132.95,139.33,122.66,137.79,129.14,134.35,145.01,123.4,145.71,154.13,119.95,150.1,125.64,157.71,156.95,83.5,97,169.425,12,11424443.12
11/1/2014,7.927025553,6.255447928,9.144283748,166.84,149.21,143.17,155.99,143.44,134.08,150.08,158.09,165.95,178.52,150.77,122.98,165.68,131.99,139.85,271.14,150.53,158.84,158.34,163.24,135.57,143.63,145.32,144.56,133.94,158.4,154.69,126.03,143.64,163.93,144.01,155.61,145.7,119.1,128.96,125.89,151.14,175.84,151.07,129.46,174.8,127.36,114.79,124.33,112.88,133.48,139.86,123.24,138.27,129.97,134.7,146,124.17,146.64,155.24,120.73,151.08,125.89,158.7,158.02,80.42,97,175.85,13,11929754.77
12/1/2014,7.978297049,6.22491779,9.152279019,168.37,150.6,144.12,157.22,145.12,135.28,151.58,159.52,167.53,179.91,152.18,123.77,166.61,132.25,141.25,271.34,151.66,160.09,159.83,164.68,136.95,144.61,146.57,145.58,135.07,159.57,155.96,126.99,144.75,165.3,144.87,156.5,146.55,119.49,130.02,126.58,152.5,177.21,152,130.53,176.42,128.22,115.24,124.68,112.87,133.8,140.59,123.62,139.24,130.85,135.16,146.98,125.2,148.03,156.71,121.46,152.25,126.64,159.96,159.45,63.28,97,188.452381,13,11985519.70
1/1/2015,8.157056235,6.787165765,9.214663638,169.85,151.75,144.79,158.36,145.98,135.94,152.75,160.96,168.9,181.46,153.53,124.53,168.03,132.63,142.09,271.66,152.3,161.28,161.05,166.26,137.83,145.82,147.84,146.54,136.06,160.94,157.44,128,145.84,166.7,145.75,157.7,147.68,119.63,130.78,127.6,153.66,178.31,153.16,131.03,177.85,128.97,115.84,125.21,112.87,133.96,141.52,124.05,139.34,131.89,135.54,148.11,125.9,149.33,157.88,122.42,153.19,127.63,161.12,160.84,48.81,97,213.025,13,12109213.18
2/1/2015,8.358892188,6.993752715,9.359075798,171.1,152.8,145.69,159.54,146.63,136.93,153.98,162.1,170.07,182.77,154.58,125.01,169.06,132.91,142.94,272.9,153.15,162.45,161.78,167.5,138.62,146.93,148.92,147.44,137.03,162.1,158.56,128.6,146.9,167.96,146.88,158.78,148.57,119.65,130.95,128.35,154.81,179.7,153.92,131.87,179.06,129.11,116.02,125.54,112.87,134.67,142.24,124.96,140.61,132.67,136.07,149.04,126.42,150.49,159.01,123.54,153.86,127.97,162.15,162.31,58.09,97,222.9318182,13,12802981.78
3/1/2015,8.493597303,7.460343777,9.376377966,172.84,153.98,147,160.97,147.73,138.13,155.12,163.41,171.58,184.38,156.08,126.18,170.46,133.34,145.38,272.9,153.99,163.56,163.47,169.32,140.09,148.3,150.11,148.56,138.78,163.65,160,130.06,148.24,169.77,147.66,160.33,149.58,119.7,131.78,129.07,156.33,181.35,155.44,132.33,180.59,131.34,116.18,126.14,112.87,134.92,143,125.94,140.94,133.22,136.75,150.28,127.27,151.73,160.34,125.26,154.87,129.16,163.81,163.65,56.69,87,222.9318182,13,12663276.30
4/1/2015,8.655168684,7.660926094,9.489903602,174.39,155.37,147.83,162.12,149.06,139.1,155.98,164.42,172.55,185.38,156.72,126.77,171.34,133.71,146.38,273.33,154.9,165.63,164.71,170.33,140.81,149.03,151,149.23,139.44,164.43,160.86,130.69,149.42,170.67,148.42,160.93,150.36,119.74,132.81,129.66,157.68,183.68,156.33,132.81,182.17,131.92,116.38,127.08,112.87,135.21,143.59,126.38,141.44,133.89,137.45,150.99,128.15,152.61,161.26,125.86,156.05,129.69,164.74,165.01,57.45,87,210.7,13,12809018.96
5/1/2015,9.003130312,8.253283935,9.781953382,176.27,156.77,148.92,163.77,151.03,140.26,157.89,166.46,174.5,187.82,158.73,128.24,172.94,134.78,147.82,274.38,156.27,169.02,167.02,172.71,142.82,151.22,153.17,150.82,141.75,166.19,162.14,132.35,151.18,172.97,149.83,162.59,151.49,120.61,134.12,130.86,159.38,186.32,158.42,133.98,184.68,132.91,117.48,127.86,112.87,135.68,144.72,127.71,142.02,134.71,138.16,152.69,129.89,154.06,163.41,127.6,157.58,131.36,166.14,166.89,65.08,87,219.5526316,13,12932593.04
6/1/2015,9.167719217,8.403146593,10.04112587,178.13,157.8,149.84,164.93,152.54,141.27,159.24,167.62,175.84,189.28,160.32,129.4,173.64,135.72,148.92,275.34,157.44,171.35,169.12,174.06,144.05,152.26,154.4,151.93,142.76,167.49,162.95,133,151.85,173.72,150.57,163.8,152.42,120.69,134.87,131.67,160.66,189.59,160.36,135.44,186.82,133.74,118,128.64,113.12,136.16,146.06,128.36,142.94,135.78,139.13,154.02,130.8,155.52,165.5,128.64,158.7,131.8,167.55,168.55,62.06,87,218.9772727,13,12904619.63
7/1/2015,9.217923612,8.830253319,10.04901856,179.5,158.83,150.52,166.11,153.43,142.2,160.48,168.89,177.33,189.63,161.29,130.29,174.41,136.34,150.02,276.45,158.66,172.83,170.62,175.53,144.91,153.27,155.64,152.76,143.44,168.85,163.28,134.07,152.71,174.76,151.39,165.08,153.35,120.77,135.61,132.57,161.87,191.04,161.62,136.4,188.44,133.93,118.52,129.23,113.12,136.61,147.03,128.4,143.8,136.6,139.78,154.89,131.78,156.26,166.28,129.64,159.91,132.35,168.9,169.98,57.01,87,236.3014286,13,12685439.39
8/1/2015,9.335651157,9.010128915,10.13131881,180.63,160.33,150.87,167.37,154.51,142.7,161.29,169.8,178.31,190.05,162.06,131.06,174.66,136.71,150.83,276.74,159.56,175.6,172.41,176.67,145.47,153.84,156.4,153.88,144.05,169.76,164.03,134.81,153.47,175.46,152.09,165.88,154.51,120.86,136.54,133.37,162.71,191.68,162.39,137.38,189.26,134.15,119.19,129.51,113.12,137.06,147.32,128.82,144.22,137.36,140.51,156.38,132.8,157.07,167.33,130.36,160.81,132.69,169.95,171.35,47.09,87,216.6428571,13,12682847.59
9/1/2015,9.394053325,8.927736436,10.17391733,181.78,161.57,151.41,168.71,155.49,143.68,162.5,170.85,179.37,190.91,163.4,131.89,175.61,137.24,151.73,277.29,160.3,176.5,173.64,177.75,146.26,154.75,157.75,154.71,144.33,171.22,164.99,135.28,154.19,176.52,152.9,166.93,155.18,121.16,137.43,133.78,163.43,192.55,163.25,137.94,190.63,134.42,119.24,129.69,113.12,137.37,147.93,129.07,145.09,138.16,141.17,157.82,133.74,157.91,167.57,130.69,161.34,133.14,171.07,172.8,48.08,87,222.675,13,12619137.58
10/1/2015,9.295860227,8.742107089,10.12872625,182.61,162.45,151.61,169.63,156.34,144.17,163.37,171.62,180.43,191.5,164.18,132.5,175.69,137.6,152,277.63,160.57,177.63,174.59,178.47,146.74,155.22,158.58,155.47,144.96,171.77,165.04,135.93,155.35,176.92,153.29,167.5,155.89,122.03,138.02,134.52,164.34,193.66,163.75,138.43,191.69,134.56,119.56,129.81,113.12,137.9,148.55,129.23,145.67,138.51,141.76,158.97,134.51,158.39,168,130.96,162.02,133.29,171.89,173.66,48.86,87,224.9761905,13,12499979.87
11/1/2015,9.368162097,8.731734664,10.32091776,184.06,163.11,151.75,170.54,157.31,144.92,164.42,172.65,181.83,192.6,165.43,133.05,175.88,138.01,152.8,277.89,160.98,179.14,175.6,179.35,147.54,156.06,159.71,156.43,145.73,172.51,165.27,136.59,154.99,177.5,153.87,168.04,156.53,122.15,138.74,135.22,165.78,196.3,164.92,139.1,194.27,134.85,119.98,130.06,113.11,138.51,149.22,129.74,146.41,139.27,142.14,159.9,135.31,159.01,168.88,131.96,163.11,133.63,172.78,175.13,44.82,87,232.4047619,11,12508603.83
12/1/2015,9.553905112,8.727301444,10.58810822,186.2,164.86,153.32,172.48,158.91,146.43,165.97,174.53,184.73,195.93,167.32,134.3,176.31,138.55,153.59,278.69,161.59,180.8,177.29,181.84,149.28,159.07,161.44,157.95,147.29,173.41,165.67,137.91,155.87,178.78,154.98,169.58,157.61,122.24,139.89,136.37,168.35,198.56,166.72,140.84,197.03,135.32,121.22,130.96,113.11,139.36,150.53,130.76,147.04,140.38,142.93,160.76,137.03,160.73,171.21,133.6,165.09,133.87,174.4,177.08,37.8,87,258.3,11,12447995.74
1/1/2016,9.616704485,8.840962513,10.6419552,187.92,165.87,154.29,174,160.17,147.71,167.84,176.05,186.14,197.49,169.38,135.35,177.07,139.13,154.58,279.01,162.51,182.69,179.39,183.1,150.44,160.33,162.92,159.31,148.81,174.9,166.32,139.16,157.23,180.32,155.67,171.12,158.97,122.4,140.87,137.18,169.95,200.11,168.04,142.53,199.96,136.26,121.76,132.04,113.11,140.08,151.46,131.92,148.94,141.43,143.65,162.93,138.81,162.45,172.81,134.84,166.96,134.35,176.1,178.89,30.67,86.5,289.775,11,12494733.96
2/1/2016,11.37904091,11.04123991,11.34767214,190.51,166.27,155.39,175.63,161.74,149.53,170.35,178.31,188.81,198.6,172.95,136.61,178.56,139.89,155,387.18,163.74,187.1,181.02,188.22,152.1,161.65,165.94,161.71,150.14,177.34,168.19,140.55,158.87,182.94,156.93,173.23,161.07,122.67,142.06,139.94,173.86,200.83,170.2,144.99,203.91,136.83,122.9,133.53,113.11,141.37,152.73,133.46,149.3,142.55,145.77,167.14,139.77,163.62,173.9,135.84,168.82,135.47,178.51,183.72,31.7,86.5,329.8333333,11,12506537.27
3/1/2016,12.77470978,12.16970297,12.74461133,194.87,167.73,156.25,177.76,163.33,151.96,173.73,182.45,192.85,201.54,177.19,138.83,180.2,140.59,156.96,411.3,164.37,192.35,184.53,193.92,155.42,165.25,169.83,164.59,154.02,180.68,171.06,142.03,160.94,185.46,158.48,174.75,162.83,123.21,143.99,141.85,178.48,205.71,173.02,148.59,209.59,137.43,124.71,134.88,113.11,142.68,154.48,134.17,150.85,144.42,148.14,169.67,141.47,164.39,176.08,137.52,171.8,136.78,182.23,188.41,37.78,86.5,320.9285714,12,12430809.77
4/1/2016,13.72104445,13.35179113,13.19416649,197.4,170.15,156.76,180.31,165.77,152.8,175.25,184.34,195.66,202.4,179.22,140.16,181.39,140.9,157.79,462.2,165.14,195.99,187.43,195.21,156.74,165.52,171.72,166.03,156.26,182.87,172.78,143.41,162.25,186.88,160.27,175.78,163.34,127.18,144.84,143.12,181.12,208.99,175,150.49,212.71,138.93,125.06,137.14,113.34,143.31,156.05,134.89,152.79,146.07,148.39,172.04,143.38,164.83,177.55,139.49,174.17,136.91,183.8,191.95,41.59,86.5,320.7142857,12,12529107.61
5/1/2016,15.57726511,15.05380006,14.86099888,202.46,173.95,158.23,185.27,170.13,156.12,180.2,188.47,201.13,205.46,182.93,143.13,186.21,142.33,160.96,501.57,167.77,199.66,192.96,201.27,161.06,172.08,175.98,168.74,159.56,188.37,177.09,147.71,166.7,189.74,162.84,179.89,166.58,127.38,147,145.47,185.8,217.25,179.12,154.37,218.8,139.33,127.26,139.78,113.34,144.4,159.56,137.81,154.29,148.72,151.34,176.8,148.14,168.31,183.83,143.67,178.6,139.8,188.73,197.86,46.99,145,336.925,12,12542590.97
6/1/2016,16.48016251,16.22447644,15.30204204,205.39,175.14,159.45,189.14,173.68,158.93,183.19,192.34,205.95,207.55,186.84,145.06,190.77,143.77,166.01,516.93,171.51,204.19,198.61,206.58,164.48,172.98,180.42,171.37,162.22,191.85,179.07,149.91,168.12,192.91,165.54,182.56,169.42,136.96,148.13,146.86,188.21,223.49,184.19,157.06,221.55,141.23,128.45,140.99,113.34,145.65,160.4,138.14,155.27,149.98,152.33,179.23,150.14,169.85,184.89,145.3,182.5,140.76,191.38,202.32,48.46,145,351.8181818,12,14802087.93
7/1/2016,17.12666284,16.92883525,15.79918773,207.87,176.53,159.97,191.39,175.87,160.63,185.27,195.09,208.07,208.37,189.6,145.98,192.05,144.63,167.44,527.63,173.23,210.49,204.38,207.67,165.82,174.49,182.44,172.39,163.17,192.33,179.66,152.49,169,194.1,166.68,183.96,170.47,137.25,149.32,147.56,189.96,228.94,187.49,158.05,224.02,144.33,129.25,141.62,113.34,146.5,161.27,138.91,156.15,150.98,153.24,182.25,151.19,170.99,186.05,146.11,184.29,141.58,193.1,204.75,45.92,145,364.4722222,14,15613379.88
8/1/2016,17.60932017,17.20771801,16.42739097,210.3,177.46,160.54,193.29,176.89,162.15,186.74,197.73,209.97,209.97,191.38,146.78,193.31,145.49,168.45,530.88,174.36,212.5,208.02,208.87,167.11,175.05,184.06,173.4,164.21,193.57,180.57,153.68,169.8,194.7,167.52,184.91,171.22,137.87,150.86,148.9,193.3,230.17,188.73,158.82,225.4,144.86,129.94,141.89,113.34,147.13,162.08,139.66,156.87,151.8,153.8,185.25,151.96,171.25,186.76,146.72,185.83,141.99,193.97,206.78,46.15,145,396.1521739,14,15119218.04
9/1/2016,17.85203855,17.66614903,16.62212234,212,178.19,161.37,194.96,178.09,163.49,188.25,200.25,212.09,211.66,193.22,147.7,194.51,146.32,169.71,532.18,175.37,215.51,211.1,210.19,168.32,175.85,185.67,174.69,165.27,194.92,181.64,154.95,170.69,195.47,168.76,185.8,172.12,138.8,152.35,150.04,194.79,231.34,189.54,159.58,226.78,145.86,130.74,142.14,113.34,147.86,162.94,140.46,157.59,152.78,154.19,188.38,152.66,171.64,187.59,147.38,187.53,142.18,194.97,208.7,47.43,145,431.1,14,15053203.72
10/1/2016,18.32965914,18.06687288,17.08976258,213.82,179.17,162.3,196.82,179.33,164.42,189.76,202.85,214.09,213.46,194.96,148.71,195.57,147.4,171,533.67,176.58,217.97,214.33,211.55,169.57,176.73,187.37,176.08,166.46,196.37,182.77,156.24,171.75,196.4,170.05,186.86,173.01,139.4,153.98,151.34,196.41,232.51,190.52,160.41,228.18,146.79,131.66,142.47,113.34,148.58,163.81,141.27,158.35,153.51,154.58,191.35,153.46,172.08,188.55,148.33,188.46,142.41,196.17,210.48,50.94,145,462.025,14,15131786.89
11/1/2016,18.47616472,18.24140462,17.19054072,215.7,180.26,163.49,198.52,180.4,165.14,190.98,205.63,216.01,214.81,196.72,149.83,196.4,148.01,172.15,535.3,177.46,220.09,216.09,212.97,170.88,177.57,188.66,177.23,167.77,197.64,184.06,157.16,172.71,197.36,171.25,187.89,174.08,140.04,155.44,152.7,198.18,233.7,191.47,161.23,229.48,148.18,132.58,142.79,113.34,148.95,164.71,141.98,159.12,154.22,155.05,193.39,154.2,172.6,189.38,149.29,189.5,142.67,197.37,212.26,45.25,145,415.3636364,14,15106803.96
12/1/2016,18.54696378,18.05245189,17.38818386,218.58,181.62,165.05,200.36,182.21,165.92,192.29,208.32,218.05,216.22,198.63,151.01,197.24,148.8,173.5,536.22,178.96,222.24,217.91,214.53,172.2,178.47,190.11,178.44,169.09,198.98,185.46,158.05,173.74,198.38,172.52,188.99,175.16,140.73,157.04,154.09,200.03,235.44,192.81,162.35,231.97,149.73,134.3,143.21,113.39,149.26,165.72,142.79,160.02,155.6,155.51,195.51,155.43,173.95,191.5,150.52,192.04,142.92,198.92,214.43,53.48,145,455.2631579,14,14984256.92
1/1/2017,18.71884077,17.86680065,17.81824026,221.4,183.06,166.29,202.25,183.8,166.71,193.19,210.17,220.02,217.61,200.44,151.84,198.09,149.44,174.8,536.75,181.31,224.54,219.99,216.36,173.42,179.4,191.53,179.76,170.38,200.44,186.97,158.92,174.93,199.55,173.73,190.07,176.25,141.44,158.45,155.51,201.94,237.81,194.22,163.51,234.26,151.54,135.57,143.49,113.45,149.56,166.59,143.59,160.85,156.48,155.79,197.19,156.43,175,192.81,151.56,193.13,143.59,200.25,216.37,55.01,145,493.2857143,14,14929164.29
2/1/2017,17.78040223,16.01147004,18.52814835,225.81,186.12,167.92,204.18,186.09,167.61,194.23,212.99,222.1,219.39,202.15,152.93,199.74,150.99,177.73,537.23,183.87,229.1,223.11,218.32,175.29,180.61,192.63,181.16,171.5,202.06,188.84,160.32,176.56,200.64,174.96,191.63,177.18,142.14,159.65,156.92,203.56,240.23,195.22,165.46,236.99,153.63,136.58,144.03,113.51,150.01,168.12,144.77,162.68,156.93,156.64,199.1,157.51,175.88,193.55,152.14,194.49,144.02,201.48,219.43,46.39,145,494.7,14,15047261.10
3/1/2017,17.25554443,15.4044879,18.43609679,230.8,189.77,169.66,207.87,188.91,168.78,195.63,217.77,224.76,221.71,204.78,154.24,201.33,152.49,182.31,537.78,186.64,233.91,227.18,220.59,177.38,182.17,194.89,182.96,173.02,204.11,191.61,162.08,178.43,202.74,176.63,193.55,178.77,143.05,162.42,159.28,205.98,242.86,196.87,168.02,239.81,156.27,138,144.68,113.55,150.61,170.71,146.2,164.54,157.79,157.9,201.17,159.71,177.36,196.02,153.81,196.99,144.58,204.28,222.58,52.13,145,429.4782609,14,15253690.31
4/1/2017,17.24441882,14.75027388,19.30307094,235.5,194.23,171.6,211.42,191.81,169.86,196.98,222.14,228.03,224.04,207.5,155.51,203.09,153.79,184.13,538.09,188.66,237.13,230.29,223.04,179.23,183.87,197.13,184.68,174.65,206.2,194.39,163.83,180.41,204.89,178.18,195.48,180.41,144.04,164.85,161.75,208.5,245.54,198.52,170.05,242.54,158.07,139.14,145.23,113.61,151.07,173.3,147.7,166.23,158.64,159.22,203.34,161.98,178.8,198.58,155.49,199.67,145.16,207.64,224.55,52.94,145,392.8888889,14,14961511.87
5/1/2017,16.2513839,13.01643178,19.26616711,241.47,197.79,174.73,216.59,194.3,170.95,198.49,226.39,231.93,227.06,210.56,156.75,204.64,154.9,185.13,538.41,190.96,240.35,234.7,225.24,181.26,185.76,199.41,186.68,176.37,208.66,197.01,165.64,182.67,207.1,180.09,197.4,182.04,145.7,167.19,164.48,211,248.77,200.5,171.79,245.3,160.02,140.31,145.82,113.73,151.86,175.73,149.15,167.95,159.43,160.13,205.52,164.23,180.72,200.52,157.18,202.35,145.86,210.81,227.51,50.57,145,384.4761905,14,14931070.83
6/1/2017,16.09839758,12.45503915,19.91472993,246.29,202.63,177.28,219.69,197.74,171.95,199.37,230.32,235.68,229.89,213.77,157.75,205.87,155.61,186.04,538.75,194.07,243.03,238.76,229.91,183.12,187.24,202.9,189.15,178.93,211.75,199.56,167.3,185.16,209.84,181.97,199.6,183.05,147.49,169.48,166.08,213.37,251.91,202.58,173.49,248.41,162.22,141.34,146.41,113.9,152.26,176.9,150.57,169.63,160.3,160.88,207.99,165.85,182.83,202.49,158.83,204.97,146.56,213.75,231.03,47.42,145,366.25,14,14962700.42
7/1/2017,16.05290961,12.20661382,20.28365738,250.03,205.85,179.78,222.03,201.25,173.19,200.34,233.34,238.8,232.34,216.07,158.26,207.19,155.92,187.25,539.29,194.85,244.14,240.85,233.99,184.98,189.6,205.89,191.09,180.18,215.17,202.05,169.24,187.6,213.45,183.12,202.3,184.36,148.83,170.79,167.69,215.76,254.46,204.61,175.18,250.09,164.02,141.72,147.11,114.1,152.4,177.98,152,170.22,161.17,161.89,209.57,166.77,185.56,204.4,160.23,206.23,147.18,215.56,233.58,49.01,145,365.3809524,14,15136591.56
8/1/2017,16.0115016,12.29563165,20.2508873,252.89,207.86,181.5,224.39,203.33,173.86,201.42,236.2,241.94,234.1,218.11,159.11,208.42,156.47,187.94,539.92,195.66,245.29,242.55,237.16,186.91,190.77,207.61,192.97,181.32,218.25,204.49,170.59,189.71,215.2,184.18,204.03,185.8,150.17,172.33,169.32,218.56,256.69,206.93,176.89,251.69,165.82,142.28,147.79,114.28,152.59,178.95,153.05,170.9,161.75,162.58,210.98,167.65,187.23,205.93,161.51,207.51,147.77,217.71,236.6,51.64,145,365.5652174,14,14801462.51
9/1/2017,15.9790003,12.12343053,20.32071801,255.08,209.72,183.11,226.73,204.55,174.54,202.47,238.48,244.44,235.93,220.23,160.05,209.67,157.34,188.6,540.29,196.47,246.48,244.38,238.81,188.62,191.75,209.4,194.73,182.42,220.06,206.92,171.87,190.53,216.97,185.37,205.84,187.28,151.29,173.49,170.76,221.15,258.7,209.32,178.58,253.38,167.16,142.84,148.48,114.46,152.78,180,154.15,171.55,162.2,163.31,212.27,168.32,188.47,207.47,162.97,208.75,148.4,219.5,239.65,56.79,145,365.5526316,14,14799132.65
10/1/2017,15.90523616,12.14154642,20.3061686,257.24,211.7,184.58,228.69,205.85,175.4,203.55,240.67,246.68,237.33,222.26,160.86,210.86,158.31,189.21,540.52,197.61,247.77,246.11,240.53,190.39,192.82,211.19,196.24,183.45,221.91,208.81,173.21,191.52,218.62,186.58,207.37,188.8,152.48,174.94,172.22,223.51,261,211.57,180.25,255.03,168.54,143.47,149.08,114.65,153,181.02,155.25,171.62,162.91,163.99,213.86,169.06,189.73,208.85,164.2,210.07,149.03,221.29,242.76,58.46,145,362.2142857,14,14719770.73
11/1/2017,15.9013876,12.20613017,20.30813099,259.5,213.58,185.96,230.58,207.32,176.32,204.54,242.69,248.87,238.79,224.23,161.74,212.11,159.23,190.07,540.78,198.7,249.19,247.91,242.31,192.04,193.92,212.87,197.75,184.66,223.76,210.61,174.44,192.55,220.36,187.81,208.94,190.31,153.45,176.42,173.66,225.78,263.32,213.76,181.93,256.66,170.08,144.14,149.74,114.82,154.2,181.93,156.07,171.69,163.38,164.78,215.46,169.81,191.01,210.22,165.4,211.38,149.71,223.26,245.78,63.56,145,362.4090909,14,14455354.38
12/1/2017,15.37161259,12.08895983,19.41519189,261.01,215.24,187.25,231.92,208.47,177.31,205.73,244.12,250.46,240.33,225.78,162.51,212.99,160.08,190.98,541.18,200,250.72,249.52,243.89,193.7,195.1,214.14,199.35,185.95,225.42,211.98,175.71,193.61,221.94,189.15,210.33,191.91,154.44,177.93,174.99,228,266.75,215.36,182.82,258.54,171.18,145.09,150.52,114.98,155.41,182.92,157.09,171.76,163.98,165.6,216.94,170.78,192.39,211.76,166.63,212.77,150.42,225.22,248.53,65.11,145,362.8333333,14,14766885.85
1/1/2018,15.12674236,12.0904105,18.91908428,263.29,217.07,188.65,233.55,209.84,178.32,207.29,245.57,252.39,242.01,227.46,163.54,214.45,160.97,192.22,541.78,201.37,252.68,251.2,245.63,195.24,196.44,215.91,200.9,187.39,227.39,213.61,177.03,194.78,223.58,190.55,211.86,193.58,155.47,179.45,176.41,230.28,270.38,217.27,184.04,260.65,172.53,146.16,151.4,115.41,156.4,184.11,158.24,171.96,165.02,166.55,218.69,171.89,194.13,213.54,168.09,214.39,151.25,227.21,251.54,69.68,145,363.2045455,14,14495729.19
2/1/2018,14.32961336,11.7072937,17.58758649,265.52,218.96,190.23,235.26,211.34,179.7,209.07,247.29,254.44,244.04,229.16,164.78,216.04,161.95,193.59,542.5,202.76,254.7,252.9,247.3,196.8,197.87,217.64,202.49,188.84,229.28,215.37,178.5,196.16,225.38,192.07,213.46,195.19,156.49,180.75,177.68,232.2,273.66,219.25,185.22,262.69,173.97,147.33,152.2,115.84,157.65,185.34,159.33,172.47,166.04,167.56,220.3,173.01,195.71,215.28,169.46,216.06,152.11,229.08,254.73,66.67,145,362.475,14,14701739.34
3/1/2018,13.33717628,11.18107075,16.07960145,267.91,220.93,191.75,236.94,212.96,181.11,210.75,249.1,256.5,246.08,231.12,165.96,217.94,163.14,194.92,543.34,204.21,256.81,254.78,249.03,198.25,199.29,219.2,204.13,190.26,230.9,217.12,179.92,197.75,227.16,193.53,215.25,196.74,157.52,182.08,178.95,234.3,276.2,221.08,186.42,264.95,175.36,148.49,153.09,116.38,158.52,186.69,160.43,173.19,167.14,168.6,222.11,174.29,197.34,217.11,170.81,217.63,153.05,230.84,257.85,66.94,145,362.0714286,14,14353059.14
4/1/2018,12.48233943,10.92018316,14.79912608,270.35,222.84,193.26,238.76,214.56,182.49,212.43,251.14,258.65,248.07,232.79,167.12,219.56,164.25,196.23,544.31,205.67,258.74,256.62,250.8,199.82,200.71,220.75,205.79,191.72,232.53,218.84,181.47,199.5,229.01,195.09,217.19,198.33,158.58,183.49,180.25,236.46,278.76,222.9,187.71,267.17,176.82,149.59,154.03,116.93,159.43,188.17,161.54,173.94,168.29,169.59,223.9,175.49,198.87,219.1,172.13,219.15,153.93,232.7,260.85,72.37,145,362.25,14,14044558.09
5/1/2018,11.60783771,10.71022676,13.44781134,273.94,224.79,195.17,240.63,216.27,183.83,214.13,253.21,260.9,250.26,234.43,168.32,221.66,165.56,197.69,545.2,207.3,260.78,258.62,252.8,201.39,202.36,222.62,207.49,193.27,234.36,220.65,183.13,201.32,231.07,196.77,219.15,200.07,160.04,184.98,181.58,238.67,281.31,224.85,189.16,269.56,178.38,150.67,155.01,117.5,160.43,189.76,162.74,174.76,169.55,170.67,225.95,176.83,200.51,221.18,173.46,220.8,154.92,234.68,264.04,77.7,145,362.8571429,14,14057112.53
6/1/2018,11.23080676,10.38661113,12.97650393,278.25,226.87,197.21,242.73,218.13,185.59,216.07,255.51,263.21,252.57,236.46,169.65,223.83,167.04,199.24,546.22,209.03,262.84,260.79,254.83,203.11,204.11,224.54,209.21,194.94,236.3,222.53,184.96,203.19,233.16,198.59,221.17,201.92,161.51,186.51,183.02,240.93,283.85,226.91,190.89,272.01,180.01,151.78,156.07,118.07,161.43,191.38,164.06,175.64,170.86,171.85,228.22,178.25,202.25,223.23,174.81,222.54,155.95,236.76,267.26,75.38,145,360.6578947,14,14121088.35
7/1/2018,11.14183148,10.18304364,12.84998487,282.16,228.93,199.33,244.62,220.04,187.25,217.94,257.76,265.27,254.86,238.34,170.91,225.76,168.53,200.91,547.25,210.67,264.92,262.92,256.87,204.92,205.88,226.27,210.91,196.54,238.25,224.46,186.68,205.08,235.55,200.41,223.22,203.76,163,187.92,184.52,243.26,286.47,228.97,192.59,274.4,181.65,152.93,157.18,118.66,162.39,192.97,165.29,176.54,172.27,173.05,230.29,179.69,203.99,225.31,176.23,224.31,156.96,238.71,269.13,74.72,145,359.3571429,14,14090556.39
8/1/2018,11.22743567,10.01526121,13.15833349,286.17,230.87,201.11,246.51,221.97,188.92,219.69,259.85,267.5,257.06,240.28,172.2,226.94,169.4,202.21,548.12,212.39,266.28,264.35,258.95,206.63,207.7,228.08,212.74,198.29,240.14,225.71,188.41,206.17,237.68,202.24,224.37,205.61,164.27,188.97,185.59,244.67,288.15,230.41,193.87,276.06,182.84,153.8,158.33,119.27,163.38,194.04,166.24,177.52,173.33,174.28,231.73,180.89,205.23,226.71,177.36,225.72,157.95,240.07,273.84,73.35,145,359,14,14281427.54
9/1/2018,11.28422082,9.837827049,13.30892388,289.03,232.62,202.78,248.25,223.34,190.64,221.44,261.93,269.69,259.31,242.25,173.53,228.25,170.39,203.33,549.05,214.06,267.88,265.8,261.29,208.51,209.26,229.91,214.57,199.99,242.04,227.27,190.05,207.32,239.8,204.1,225.69,207.46,165.5,190.38,186.72,246.28,289.88,231.87,194.99,277.86,184.13,154.74,159.44,119.86,164.48,195.13,167.22,178.36,174.47,175.27,233.34,182.18,206.51,228.13,178.56,227.21,158.92,241.41,277.19,79.59,147.3,359.25,14,14989866.00
10/1/2018,11.2593067,9.882493502,13.27745079,291.85,234.27,204.52,250.04,224.91,192.4,223.34,264.2,271.95,261.62,244.41,174.92,229.74,171.39,204.62,550.08,215.82,269.61,267.37,263.65,210.45,210.92,231.74,216.52,201.78,244.06,228.99,191.72,208.53,241.96,205.99,227.1,209.35,166.69,191.81,187.88,248.05,291.73,233.35,196.13,279.76,185.44,155.7,160.56,120.48,165.63,196.33,168.25,179.24,175.63,176.35,234.93,183.46,207.87,229.59,179.83,228.77,159.92,242.94,280.57,79.18,147.2,360.8125,14,14903360.27
11/1/2018,11.28068743,9.786540452,13.30132535,294.02,236.1,206.33,251.9,226.57,194.17,225.39,266.19,274.19,263.96,246.59,176.41,230.87,172.55,205.95,551.2,217.54,271.1,269.04,266.05,212.41,212.66,233.65,218.53,203.62,246.01,230.57,193.44,209.78,244.13,207.86,228.57,211.2,167.9,193.35,189.19,249.75,293.76,234.89,197.31,281.77,186.79,156.69,161.65,121.11,166.73,197.62,169.29,180.26,176.82,177.54,236.54,184.75,209.26,231.16,181.11,230.4,161.03,244.48,283.99,66.59,147.5,362.8214286,14,13833094.84
12/1/2018,11.44179324,9.770624509,13.55870254,296.4,238.03,208.17,253.73,228.27,195.75,227.25,268.13,276.48,266.1,248.14,177.68,232.3,173.49,207.41,552.36,219.28,272.63,270.49,268.01,214.02,214.03,235.41,220.33,205,247.97,232.21,195.16,211.06,246.14,209.67,230.13,212.86,169.12,194.84,190.48,251.74,295.85,236.44,198.61,283.72,188.08,157.61,162.64,121.74,167.88,198.95,170.35,181.61,178.08,178.68,238.21,186.06,210.7,232.81,182.37,231.98,162,246.17,287.45,62.02,145.8,363.4605263,14,13226994.92
1/1/2019,11.37408333,9.909950627,13.5052366,298.85,239.73,209.83,255.57,230.04,197.36,229.05,269.91,278.69,268.19,249.68,178.95,233.7,174.47,208.88,553.36,220.95,274.14,271.88,269.97,215.6,215.45,237.13,222.12,206.31,249.84,233.83,196.83,212.34,248.06,211.36,231.67,214.42,170.34,196.3,191.72,253.66,297.94,237.98,200.06,285.69,189.34,158.49,163.61,122.38,168.96,200.23,171.38,182.88,179.28,179.81,239.89,187.38,212.04,234.46,183.53,233.49,163,247.83,290.92,60.05,145.7,360.9431818,14,13832302.19
2/1/2019,11.30585291,9.799579823,13.47319606,301.3,241.37,211.44,257.42,231.83,198.94,230.78,271.7,280.82,270.24,251.2,180.33,235.24,175.45,210.3,554.46,222.57,275.56,273.26,271.88,217.14,216.95,238.9,223.82,207.58,251.65,235.37,198.34,213.61,249.83,212.98,233.15,215.96,171.58,197.76,192.93,255.5,299.92,239.52,201.52,287.59,190.58,159.37,164.55,123.05,170.02,201.46,172.42,184.03,180.36,180.96,241.55,188.67,213.39,236.06,184.7,235.01,163.97,249.45,294.48,64.89,145.3,359.7613636,14,14091248.28
3/1/2019,11.25114957,9.461097872,13.4510474,303.94,243.04,213.11,259.3,233.57,200.54,232.47,273.54,283.04,272.33,252.74,181.68,237.11,176.56,212.02,555.67,224.18,277.51,275.17,273.8,218.66,218.44,240.68,225.62,209.2,253.43,236.92,199.87,215.22,251.88,214.63,234.68,217.73,172.83,199.24,194.13,257.29,301.99,241.08,202.94,289.53,191.9,160.44,165.46,123.75,171.11,202.72,173.38,185.21,181.45,182.04,243.12,189.94,214.69,237.52,185.8,236.56,164.97,251.05,298.06,67.67,145,359.2380952,13.5,13790568.06
4/1/2019,11.37206804,9.280444334,13.70148468,307.4,244.76,214.82,261.36,235.38,202.19,234.35,275.45,285.28,274.61,254.7,183.06,239.22,177.68,213.61,557.02,225.82,279.5,277.08,275.67,220.26,219.96,242.52,227.44,210.87,255.45,238.59,201.46,216.85,254.09,216.24,236.34,219.65,174.09,200.79,195.38,259.39,304.02,242.7,204.38,291.53,193.26,161.46,166.38,124.45,172.26,204.05,174.42,186.32,182.59,183.16,244.76,191.23,216,239.03,186.97,238.18,165.98,252.8,301.76,73.08,145,359,13.5,13744947.70
5/1/2019,11.39640477,9.032822884,13.79414532,311.73,246.48,216.67,263.49,237.3,204.02,236.29,277.66,287.59,277.03,256.77,184.67,241.39,178.99,215.36,558.48,227.44,281.48,279.26,277.62,221.95,221.56,244.63,229.31,212.72,257.51,240.38,203.1,218.51,256.35,217.96,238.03,221.61,175.36,202.41,196.71,261.65,306.18,244.53,205.86,293.6,194.7,162.51,167.37,125.16,173.5,205.46,175.51,187.45,183.75,184.33,246.5,192.6,217.38,240.88,188.15,239.85,167.05,254.67,305.53,73.65,145,359.75,13.5,13912992.58
6/1/2019,11.2173159,8.841215667,13.55849053,315.97,248.28,218.49,265.62,239.16,205.71,238.05,279.92,289.92,279.46,258.8,186.3,243.44,180.27,217.08,559.76,229.1,283.28,281.24,279.64,223.69,223.12,246.65,231.24,214.56,259.55,242.04,204.74,220.14,258.63,219.64,239.73,223.57,176.58,204.01,198.06,263.83,308.41,246.34,207.36,295.7,196.16,163.55,168.4,125.85,174.7,206.79,176.66,188.58,184.97,185.58,248.35,193.97,218.74,242.83,189.37,241.32,168.21,256.5,309.35,66.74,145,359.9411765,13.5,13862772.67
7/1/2019,11.08445702,8.79816218,13.39152212,319.94,250.19,220.26,267.82,240.96,207.34,239.73,282.15,292.23,281.93,260.74,187.9,245.41,181.51,218.84,561.25,230.75,285.19,283.21,281.67,225.39,224.7,248.63,233.18,216.4,261.6,243.76,206.26,221.69,260.59,221.18,241.4,225.42,177.78,205.56,199.4,266,310.65,248.14,208.88,297.82,197.75,164.54,169.33,126.55,175.86,208.04,177.77,189.81,186.17,186.75,250.03,195.34,220.25,244.79,190.78,242.87,169.26,258.23,313.24,66.24,145,359.4347826,13.5,14234744.64
8/1/2019,11.01590941,8.678196915,13.17048204,323.85,251.9,221.96,270,242.78,208.96,241.36,284.38,294.46,284.41,262.63,189.4,247.27,182.72,220.52,562.59,232.32,287.08,285.12,283.57,227.08,226.34,250.38,235.08,218.2,263.73,245.45,207.72,223.27,262.61,222.78,243.12,227.3,179.03,207.17,200.81,268.11,312.95,249.97,210.49,299.99,199.35,165.58,170.28,127.24,177.1,209.37,178.89,190.95,187.44,187.93,251.71,196.73,221.68,246.73,192.18,244.4,170.31,259.87,317.16,61.05,145,359,13.5,14407540.64
9/1/2019,11.24375478,8.944963243,13.50688742,328.07,253.77,223.76,272.27,244.78,210.61,243.09,286.72,296.87,287,264.59,190.96,249.19,184.14,222.29,564.03,233.93,289.1,287.15,285.52,228.84,228.05,252.19,237.1,220.09,265.98,247.2,209.22,224.91,264.75,224.46,245.02,229.26,180.35,208.85,202.24,270.28,315.36,251.9,212.16,302.21,200.96,166.62,171.29,127.98,178.37,210.73,180.05,192.13,188.74,189.15,253.49,198.16,223.25,248.75,193.69,246.18,171.43,261.6,321.22,65.27,145,359,13.5,14505341.99
10/1/2019,11.6069814,8.876425477,14.08787215,332.44,255.67,225.62,274.6,246.82,212.27,244.86,289.08,299.41,289.66,266.63,192.55,251.13,185.58,224.11,565.51,235.61,291.16,289.25,287.54,230.63,229.81,254.07,239.19,222.01,268.29,248.99,210.75,226.61,266.93,226.22,247.03,231.28,181.69,210.56,203.71,272.52,317.82,253.91,213.9,304.5,202.63,167.72,172.36,128.71,179.69,212.16,181.27,193.38,190.09,190.39,255.34,199.64,224.82,250.84,195.25,248.02,172.58,263.39,325.3,59.1,145,359,13.5,14741778.75
11/1/2019,11.85351776,8.993383188,14.48199159,336.6,257.69,227.53,277,248.73,213.95,246.66,291.51,302,292.36,268.9,194.2,252.77,187.02,225.95,567.03,237.27,293.31,291.49,289.61,232.43,231.65,255.97,241.3,223.83,270.64,250.88,212.33,228.48,269.16,228.04,249.09,233.39,183.13,212.31,205.24,274.89,320.37,256,215.56,306.88,204.34,169,173.41,129.44,181.13,213.66,182.59,194.65,191.47,191.66,257.22,201.16,226.44,253.1,196.87,249.96,173.8,265.28,329.39,63.563375,145,359,13.5,15068296.67
12/1/2019,11.98156929,9.33068412,14.66676058,339.88,259.81,229.25,279.1,250.79,215.68,248.51,294,304.65,294.87,271.24,195.9,253.84,188.51,227.83,568.52,238.61,295.37,293.64,291.74,234.3,233.52,257.93,243.23,225.6,272.97,252.86,213.99,230.39,271.4,229.9,251.2,235.54,184.44,213.95,206.85,277.32,322.72,258.11,217.25,309.34,206.14,170.03,174.51,130.25,182.34,215.23,183.94,195.93,192.95,193,259.19,202.82,228.08,255.42,198.58,251.94,175.02,267.25,333.55,68.56152778,145,360.25,13.5,16249769.50
1/1/2020,12.13230577,9.348792271,14.84934904,343.23,262.01,231,281.27,252.88,217.44,250.54,296.56,307.32,297.51,273.69,197.64,255.21,190.07,229.74,570.06,239.98,297.46,295.79,293.96,236.2,235.46,259.99,245.21,227.44,275.43,254.88,215.69,232.35,273.73,231.81,253.37,237.72,185.81,215.66,208.5,279.84,325.12,260.23,219.04,311.85,207.95,171.21,175.63,131.06,183.62,216.85,185.35,197.25,194.44,194.41,261.17,204.52,229.83,257.71,200.29,253.96,176.26,269.33,337.76,66.69,145,361,13.5,16199968.20
2/1/2020,12.19853348,9.43403471,14.9044201,346.2,264.17,232.83,283.43,254.87,219.22,252.54,298.77,309.61,299.86,275.85,199.19,256.53,191.64,231.62,571.6,241.53,299.42,297.82,296.24,238.15,237.44,262.1,247.25,229.31,277.63,257.06,217.42,234.36,275.78,233.74,255.28,239.69,187.23,217.42,210.17,282.17,327.58,262.41,220.82,314.05,209.71,172.43,176.61,131.89,184.96,218.51,186.79,198.47,195.89,195.85,263.12,206.28,231.65,259.82,201.67,256.01,177.53,271.47,342.02,58.45,145,359,13.5,16292099.54
3/1/2020,12.2573248,9.731876862,14.97665003,349.46,266.28,234.69,285.56,256.94,221.1,254.58,301.03,312.1,302.2,278.05,200.68,258.12,193.22,233.49,573.1,243.17,301.49,300,298.62,240.06,239.3,264.27,249.29,231.13,279.82,259.09,219.22,236.31,277.94,235.64,257.31,241.62,188.66,219.19,211.86,284.41,330,264.58,222.58,316.3,211.55,173.77,177.6,132.79,186.31,220.06,188.19,199.72,197.26,197.26,265.06,207.98,233.44,261.88,203.08,258.02,178.82,273.59,346.35,32.29,145,376.8863636,13.5,17252264.49
4/1/2020,12.34146493,9.97913901,15.02643771,353.59,268.54,236.68,287.96,259.11,223.05,256.74,303.73,314.74,304.76,280.57,202.31,260.06,194.95,235.55,574.67,245.15,303.84,302.45,301.1,241.98,241.26,266.66,251.7,233.07,282.34,261.23,221.11,238.77,280.7,237.78,260.15,244.16,190.69,221.33,214.34,286.88,332.58,266.84,224.41,319.89,211.54,175.69,178.89,133.69,187.68,221.69,189.67,201.08,198.73,198.68,267.17,209.72,235.44,264.15,204.64,260.12,180.2,275.92,350.76,14.28,130,420.15,13.5,17401920.78
5/1/2020,12.40424879,10.1197199,15.03557372,358.6,271.02,238.81,290.37,261.3,224.95,258.89,306.42,317.42,307.37,283.06,203.91,262.12,196.53,237.66,576.25,247.23,306.57,304.9,303.69,244.08,244.04,269.02,253.92,234.95,284.81,263.26,223.06,241.66,284.08,239.91,262.81,246.94,192.85,223.65,216.65,289.77,335.49,269.7,226.58,323.55,211.54,177.57,180.29,134.6,189.16,223.66,191.28,202.42,200.3,200.35,269.32,211.45,237.38,266.84,206.26,262.22,181.49,278.25,355.21,27.9,130,443.8888889,13.5,17574547.20
6/1/2020,12.55871969,10.12766911,15.17536397,363.93,273.7,241.01,292.91,263.68,226.92,261.2,309.18,320.18,310.15,285.82,205.68,264.27,198.17,239.98,577.89,249.43,309.32,307.44,306.44,246.2,246.72,271.48,256.27,236.9,287.32,265.37,224.95,244.54,287.59,242.26,265.7,249.9,195.1,226.01,218.98,292.83,338.52,272.64,228.87,327.16,211.54,179.35,181.79,135.54,190.76,225.65,192.98,203.83,201.87,202.06,271.48,213.2,239.34,269.52,207.97,264.33,182.79,280.6,359.8,40.3,130,447.7142857,12.5,17624231.40
7/1/2020,12.82071751,10.10187072,15.48176778,369.47,276.53,243.25,295.55,266.08,228.9,263.57,311.97,323.06,313.01,288.61,207.5,266.46,199.83,242.36,579.54,251.63,312.22,310.02,309.41,248.36,249.43,273.99,258.66,238.91,289.92,267.53,226.86,247.47,291.14,244.69,268.69,252.91,197.37,228.43,221.35,296.11,341.68,275.74,231.17,330.94,214.14,181.17,183.31,136.48,192.37,227.69,194.71,205.24,203.48,203.8,273.67,215,241.41,272.29,209.69,266.5,184.11,282.98,364.47,44.6,143.8,464.7142857,12.5,18222383.19
8/1/2020,13.21951352,10.52069917,15.99631279,375.66,279.44,245.54,298.27,268.6,230.94,266.02,314.87,326.11,316,291.57,209.39,268.74,201.6,245.09,581.24,253.88,315.15,312.67,312.73,250.61,252.25,276.53,261.08,240.95,292.61,269.88,228.89,250.3,294.76,247.24,271.68,256.06,199.72,230.93,223.77,299.51,345,279.04,233.56,334.8,216.93,183.01,184.89,137.51,193.99,229.77,196.5,206.68,205.14,205.62,275.94,216.92,243.49,275.13,211.49,268.69,185.64,285.39,369.25,45.08,148,473.48 ,12.5,18325723.40
