Rgr,Nogr,ARY,IRY,CGRY,SMRY,MRY,CRY,TRY,SRY,TTRY,ICRY,URY,AFRY,FRY,RRY,PRY,ASRY,PARY,ERY,HRY,AERY,ORY,EXR,SDR,MPR,CPD,CG,CPS,CCPS,COS,SD,TD,RR,ER,NFA,NDC,EXP,IMP
6.529590398,7.648904569,931268.83,2398786.61,2037889.28,5403.63,406045.15,176458.61,606915.06,1740715.50,54484.05,192843.92,26306.92,11351.15,309097.29,391046.05,236400.70,1854.07,282214.56,80069.07,41108.73,3380.72,108640.21,10787.50,4.90,16.50,2.41,25849.20,713552.10,690357.60,23194.50,225300.40,992229.70,97670.33,39008.11,1263238.00,739401.20,186697.45,68867.95
6.604553138,7.426457961,1098804.38,2267010.17,1849294.58,4879.61,407631.05,195157.32,667779.48,1801962.81,63986.91,207957.15,27333.16,8679.43,312584.86,440878.99,241860.01,2026.52,295657.33,75409.85,41943.81,3403.16,82822.07,10166.70,5.20,16.50,2.28,-69914.30,758574.60,729382.70,29191.90,228169.80,973389.40,115172.72,18435.84,1398377.70,688660.20,191279.44,68846.50
6.806115971,7.37970001,1519844.09,2423497.92,2002053.35,5607.15,427774.97,167064.48,680267.54,1788324.79,66896.30,189537.82,25481.91,11902.31,283456.67,470787.23,269055.06,2044.77,280326.24,90097.71,38719.24,3128.16,75947.15,10563.90,5.00,20.50,2.41,-27426.20,832559.70,810457.90,22101.80,228304.00,1042385.70,116993.50,33631.40,1440539.70,805133.50,162008.05,77173.55
6.705873398,6.855426359,1474624.80,2262565.65,1773742.66,6501.94,425036.97,193831.20,787376.13,2085286.65,72324.84,224644.01,28804.38,13254.94,297680.50,541105.03,287206.36,2016.32,325800.68,110257.41,40624.69,3352.05,118497.27,10267.10,5.00,20.50,2.30,-6006.53,854999.33,827122.87,27876.45,216509.40,977197.97,125512.89,16863.09,1347554.78,848992.80,122551.11,69145.01
14.75013315,24.10711241,1540845.18,2301210.46,1891727.24,5757.59,437006.53,183968.55,706906.25,1984708.30,64410.64,224806.49,30622.14,12008.88,396602.32,407550.70,254098.74,2012.74,341706.20,87466.37,42348.33,3802.40,128800.20,9546.10,8.51,20.50,1.96,111973.20,892872.40,871739.30,21133.10,246704.20,1107176.00,114350.20,158686.80,1326157.20,1004845.60,123138.88,82492.22
14.49333521,22.7865467,1735517.70,2207405.61,1756573.64,4592.41,444666.24,194343.89,735888.46,2031610.12,76649.35,237596.61,30291.81,9567.02,404309.08,449969.97,261100.73,2157.22,344449.73,84940.46,42263.81,3768.85,93733.68,8674.70,3.71,20.50,1.90,126572.80,939384.20,925343.20,14041.00,251978.70,1211962.70,121348.10,120522.30,1248916.90,1065957.00,152857.48,80719.65
14.57431374,24.89819714,2335541.97,2311420.74,1841491.89,5504.63,464967.34,175560.23,682958.60,2032361.20,79594.67,223625.99,29129.57,12792.04,366780.06,483416.13,284253.66,2167.20,329963.50,95630.87,38585.35,3692.50,89694.70,7424.00,4.40,18.50,2.16,211558.10,968625.50,944648.10,23977.40,262292.70,1298686.50,115273.70,141527.10,1191616.30,1180183.60,260240.90,76178.55
14.60647618,22.1225151,2205179.64,2241633.43,1735885.44,6324.19,467173.09,210455.84,794356.02,2345838.06,86344.33,260461.61,31793.53,13912.25,388996.98,558194.90,302133.17,2119.35,382208.83,115788.91,40499.33,3994.93,131708.83,7681.10,3.70,16.50,2.18,373639.20,955762.10,938271.20,17490.90,244064.10,1212552.30,107514.20,20891.70,1282215.50,1329401.30,256333.42,59866.41
9.243521512,3.64640802,1618456.47,2798219.26,2387426.23,5325.81,470561.51,200492.82,723554.33,1997862.23,66152.51,254563.87,34025.13,12673.60,360035.46,413067.91,262019.04,2040.70,329259.86,92495.42,41990.09,3975.89,125038.64,8226.16,5.30,16.50,2.22,430656.40,1024325.70,1010638.40,13687.30,293078.80,1550578.10,138856.60,36852.80,1346526.90,1454982.10,220087.43,202644.58
9.626878378,5.071963957,1858208.31,2632719.10,2149876.82,5166.81,469230.33,226733.77,776689.80,2075128.22,76963.75,275853.24,36034.96,9638.97,361946.68,469020.41,267727.42,2257.14,350675.63,86384.40,43025.50,3987.05,96845.48,7673.09,3.60,16.50,2.21,605045.70,1066036.80,1047582.90,18453.90,305768.80,1741804.90,162977.10,45766.60,1325852.20,1671082.50,225754.23,272087.15
9.604867726,4.151063763,2467819.94,2840485.86,2359232.16,5871.34,492165.06,189667.78,707843.60,2056025.39,80647.41,249303.04,33077.22,13319.57,329772.66,500318.83,300142.27,2278.20,331901.94,104503.47,40008.50,3614.48,87503.79,7170.46,4.81,15.00,2.29,625658.70,1065107.10,1045848.10,19259.00,247472.80,1618682.90,159524.20,48122.70,1173900.50,1690765.80,257274.57,183111.21
9.516910043,5.81531045,2420347.38,2622481.05,2056079.97,6832.97,486136.26,214312.77,880220.12,2402179.19,87004.27,296082.17,37827.32,14885.95,345026.92,573698.81,320127.51,2252.26,386490.83,127444.18,42019.04,3881.14,140364.52,7467.78,3.16,15.00,2.45,591944.70,1211993.38,1191546.48,20446.90,312368.90,1573036.63,152056.59,34341.44,1388233.80,1803938.08,326473.74,114400.93
10.66533523,13.647271,1719105.19,2949913.01,2484070.30,6677.92,520912.32,186334.10,991202.16,2274715.36,97774.30,341891.56,39424.25,31366.08,371596.81,458394.94,270861.23,2132.48,369105.97,101054.80,46496.51,4385.39,139549.77,9684.49,5.71,15.00,2.55,499985.60,1321106.40,1303421.90,17684.50,335754.70,1721901.80,133929.10,34580.40,1570567.60,1821092.00,346527.96,135990.16
10.49439676,13.20585876,1969287.52,2771464.13,2237408.20,5936.60,522994.91,206010.58,1051672.00,2365416.12,115481.36,372473.26,41425.75,23253.02,377237.77,520331.11,276600.48,2321.83,388980.92,93748.14,48105.27,4514.28,108017.40,11441.36,3.32,15.00,2.50,453804.36,1393780.90,1372906.30,20874.60,330078.00,1740209.60,156096.80,42104.60,1829690.00,1847585.26,337176.02,103315.07
10.24870071,12.97903681,2634126.61,2969132.20,2433620.77,6697.61,551382.81,175291.79,993439.98,2336583.52,120998.59,334350.83,38626.07,32228.62,338739.64,553444.26,309621.46,2351.45,366376.79,116085.08,44248.08,4004.95,97737.16,13222.90,4.37,15.00,2.49,453025.10,1489346.50,1464169.80,25176.70,327484.10,1771178.40,158120.80,34399.50,2010641.80,1942371.60,456566.03,134856.78
10.39065613,13.23329602,2566054.08,2728089.04,2092952.36,7780.66,548163.92,207223.47,1183902.65,2741585.57,130938.46,401677.86,44170.28,36485.96,354877.36,636158.33,332454.92,2325.93,425572.60,144511.12,46316.19,4231.08,153242.83,16955.02,4.37,15.00,2.37,485725.53,1534447.78,1507885.18,26562.60,359311.20,1805001.38,157964.37,28542.93,2644672.70,2020173.31,515348.61,122814.63
6.792505283,9.705908145,1842928.91,2998785.54,2478478.27,6818.73,576763.20,209509.10,1133693.41,2487990.54,105397.66,417829.73,42294.76,34173.21,384517.63,508667.63,285386.86,2222.69,379581.34,113347.44,51200.27,4870.01,153157.84,21807.98,4.22,13.00,2.49,593222.99,1666760.10,1642872.20,23887.90,373256.40,2139003.22,185331.80,38517.10,3140484.48,2259983.09,507186.53,108510.30
6.957716803,9.556130749,2110297.14,2821422.92,2231869.16,6615.15,575131.59,236930.11,1192921.30,2584211.91,122622.71,452773.15,44793.07,25990.60,386558.81,577569.67,291604.34,2458.44,404270.13,105858.76,52462.78,4883.68,118624.49,24367.12,4.03,13.00,2.51,341727.83,1840766.40,1816680.50,24085.90,396514.80,2275327.85,200723.10,52261.40,3397866.63,2182494.23,525360.84,143128.27
7.196078691,9.343276349,2822934.94,3044081.65,2449208.93,7517.17,603242.49,198197.25,1138397.73,2560422.66,128491.69,409194.84,41116.47,35915.00,352196.98,616111.74,326910.06,2481.38,382627.22,128062.57,48784.03,4427.31,107182.01,28638.24,3.44,13.00,2.58,603058.00,1986211.20,1937515.00,48696.20,401055.30,2328361.10,257266.30,37948.30,4003941.60,2589269.20,447888.55,120183.50
7.058231304,8.879726184,2740830.55,2810451.05,2134495.08,8748.36,595853.03,223950.53,1325494.77,2991497.13,138619.79,485976.00,47021.05,40138.62,368488.52,706474.66,348677.66,2453.13,445559.04,156174.99,51235.57,4753.95,171930.28,28279.06,3.32,13.00,2.61,306031.90,2007355.82,1950379.82,56976.00,401986.76,2251614.08,101097.30,19302.50,4098471.85,2313387.72,658492.33,149824.48
7.545235849,11.56624051,2021911.07,2947693.13,2364938.38,8622.58,612477.97,241927.24,1336048.38,2779719.01,109946.08,522629.79,42982.79,41733.62,402065.90,569880.00,305476.44,2447.86,416926.52,121937.03,55278.72,5376.74,177622.51,36201.54,2.98,13.00,2.25,471892.32,2126956.63,2040808.14,86148.48,460273.21,2827700.64,127184.30,37991.40,5108959.94,2598848.95,755051.42,135397.41
6.794831467,9.781353461,2251306.08,2828658.56,2212061.85,7122.61,623286.44,242677.67,1365423.91,2865568.06,131468.97,566521.82,44103.10,28700.73,411950.90,648604.54,314176.00,2558.26,419305.37,113018.60,58423.93,5505.07,133419.07,36479.00,2.96,14.00,2.41,360789.37,2303700.52,2257453.79,46246.73,499931.54,3397212.36,163880.60,30930.80,5568810.00,2664489.89,638081.52,246383.73
6.115894457,10.49312757,3059564.07,2929154.37,2278661.07,7896.10,663488.18,216691.05,1319023.77,2836759.01,138226.13,510832.70,44636.30,39123.19,370055.81,685866.23,346769.32,2641.47,393331.65,142350.00,54371.18,4934.49,124142.75,40457.86,2.93,14.00,2.40,-235144.67,2571678.05,2494474.94,77203.11,546394.38,3796320.41,198004.97,2804.28,5718702.29,2336533.37,592773.15,342003.20
6.551134104,10.02187523,2889693.76,2776253.66,2019038.63,9127.56,675038.35,280158.93,1500964.47,3306308.32,150353.57,613236.15,53274.07,44246.11,389133.52,785715.04,369905.49,2610.95,454233.45,180364.57,56649.24,5127.74,174162.95,42298.11,3.25,10.00,2.36,-1936615.74,2650821.45,2556919.73,93901.73,592514.77,3376958.09,108636.80,87012.96,6307859.26,714205.72,548791.64,289535.61
6.329101993,9.492871579,2125878.66,2962721.78,2309958.06,9097.57,694096.58,259266.75,1513542.75,3056223.13,119304.64,656425.43,48677.04,41822.01,430883.16,634744.56,323192.84,2526.25,406821.96,137092.48,63471.96,5881.34,182151.79,42633.86,4.30,10.00,2.14,-2508626.58,3048942.35,2982217.06,66725.29,656109.20,4205015.11,108715.59,5123.89,6997940.78,540315.76,579168.63,414632.84
7.332326126,11.84971858,2433522.44,2721065.24,2002806.00,8011.36,692431.26,307906.25,1581964.19,3209679.79,141320.18,722611.17,51878.63,32695.21,437658.02,718364.85,327470.95,2820.98,445056.38,126425.71,64927.63,6245.43,145403.13,42626.20,3.78,8.00,2.08,-2615012.02,3503722.97,3463443.74,40279.23,681163.76,4590504.24,121107.94,22237.65,7633412.63,888710.95,523750.99,349942.84
7.98531771,10.08981357,3251704.37,2994273.66,2280352.94,9128.27,726760.70,254811.93,1533604.82,3154171.62,147549.95,641368.01,45384.04,46193.98,387177.65,766337.03,371245.59,2812.59,418854.54,157590.84,58381.76,5369.09,127966.82,47930.22,3.05,8.00,2.31,-2462860.99,4203169.48,4144172.66,58996.81,707879.27,5129236.05,140998.80,103971.20,6977270.88,1740308.49,589804.97,384284.12
7.520346622,11.27539521,3147363.65,2654295.87,1878831.31,10636.09,710246.39,287328.19,1731702.34,3741380.50,159333.74,780009.57,49537.71,53011.16,404637.06,885978.45,403888.09,2785.55,488084.86,196667.16,61192.18,5672.87,218551.00,51333.15,3.19,9.50,2.20,-1801303.35,5550611.12,4784245.83,766365.29,753868.76,5142816.34,146739.16,67055.23,7339740.25,3749307.77,613588.70,201907.10
7.688190992,11.69346731,2300659.36,2859421.06,2141161.27,10630.63,740004.19,304031.92,1759013.18,3456994.12,126783.43,839452.40,47558.60,50826.67,449230.65,707432.22,345564.96,2762.96,442659.72,150933.37,67607.60,6552.00,210644.61,59756.51,2.94,9.50,2.06,-2919709.35,6917150.91,5774501.05,1142649.86,850628.37,7461645.17,187188.77,74085.86,8097330.68,3997441.56,942132.96,368973.47
7.175247217,10.00168645,2571279.36,2696305.35,1934637.90,9064.57,749566.97,322374.59,1793051.14,3606887.22,150915.76,919044.24,50500.42,36700.58,459155.52,812297.18,354688.93,2945.72,460568.26,138151.44,71336.22,6804.60,165411.92,59157.15,2.79,10.25,2.02,-2723829.30,7764490.27,6511907.83,1252582.44,913726.91,7459131.20,279217.68,193839.49,8325742.98,5040660.98,1144276.67,543149.87
6.703869034,10.6938248,3492147.02,2845311.04,2066688.67,10076.09,790101.13,280474.66,1759855.95,3560844.57,158304.18,821706.32,49318.40,50674.84,410745.64,858421.52,395236.04,2991.94,432183.58,176187.10,65977.28,6010.88,150163.75,62081.86,2.75,9.75,2.17,-3429809.56,8527429.59,7111207.32,1416222.27,958314.38,8213854.47,147376.34,58109.89,8628352.21,5097620.03,902570.80,444614.58
7.280652878,9.760031257,3281285.24,2667187.53,1805230.51,11697.74,799365.33,347419.15,1940679.97,4167292.87,171809.18,994940.06,57208.47,57999.95,429981.49,981613.57,425550.81,2975.91,501497.69,219038.77,68692.90,6280.31,219978.23,53000.36,2.92,9.75,2.04,-3001597.23,9069360.30,7444674.17,1624686.13,1091812.17,8422201.51,150435.87,128459.85,8629131.99,6067763.07,396109.51,389272.07
8.209257284,11.06029699,2433179.06,2864273.19,2081232.99,9854.23,813671.36,349291.63,1970478.93,3939655.33,140127.59,1097915.18,49818.94,57298.93,467976.48,786980.99,369878.57,2870.42,459609.96,171919.21,74280.13,7343.51,234368.03,47081.90,2.62,9.75,2.07,-2505733.50,9236506.02,7542229.18,1694276.84,1133313.30,8301683.26,147642.80,131227.31,8169069.44,6730772.51,586011.17,425376.32
8.209143244,10.04126411,2716112.81,2761416.67,1947004.45,10584.70,811018.52,376388.36,1990829.23,4047327.03,160143.91,1171205.68,52405.91,42457.73,465520.12,896508.63,381066.77,3144.53,476664.50,162521.80,76244.61,6941.29,176265.82,43462.74,2.67,8.00,2.17,-2012455.48,9294565.87,7669275.44,1625290.43,1169543.08,8393871.54,73177.86,128367.24,7652475.66,7282110.39,674497.43,481802.73
8.755118955,10.1959251,3714711.99,2920761.56,2058846.71,11997.17,850087.80,318349.57,1987076.53,4042975.13,168420.69,1077674.11,50543.01,57388.33,436884.17,956291.01,422529.65,3213.18,453736.31,190947.54,73317.45,6648.75,163412.54,43343.33,2.36,6.00,2.18,-2461629.63,10448981.60,8626591.06,1822390.54,1123355.43,8861541.01,77745.89,764346.46,6915581.48,7987351.98,740149.12,436679.54
8.218465016,8.928019514,3466321.69,2806970.37,1896543.81,13946.06,848633.99,360466.46,2137057.61,4652455.93,181520.29,1249857.84,60378.72,62387.32,457588.76,1087560.91,441689.12,3170.96,527992.79,227403.21,77151.68,7251.59,245974.27,42382.49,3.33,6.00,2.05,-1833752.23,10662453.83,8529572.74,2132881.08,1171917.83,9991429.38,84769.14,343602.33,7324759.63,8828701.60,1057287.83,474611.74
8.883023259,11.87880933,2594759.86,2827621.25,1937631.77,14581.31,875408.17,401383.52,2191342.83,4568370.86,144848.60,1448814.26,55286.10,63135.76,489146.92,888228.37,406164.44,3201.72,497144.68,205686.66,85595.80,7612.18,273505.37,40667.03,3.03,6.00,2.44,-1311957.95,10573320.62,8557831.82,2015488.79,1244299.38,10307773.38,90832.35,527801.37,7040591.51,9261362.67,1024760.96,765741.87
8.765977805,10.11926903,2873377.57,2874320.15,1983894.97,9788.40,880636.78,388550.30,2234196.34,4564086.31,176507.24,1432940.41,51342.43,52906.46,480998.85,972279.83,425057.75,3423.14,479664.73,212773.67,81771.55,6026.04,188394.20,37468.44,1.95,6.00,2.21,-1074701.33,10676253.19,8668810.38,2007442.81,1371283.57,10111887.10,90144.33,276774.46,6472113.05,9601551.87,977726.37,655407.09
10.17079786,11.5662604,4000028.64,2997064.58,2092028.97,12889.15,892146.45,369190.91,2230757.66,4707396.65,177674.29,1489945.88,56275.52,65717.17,453038.03,1062695.86,438721.27,3313.74,471731.97,203304.79,79487.79,7961.30,197529.04,34589.01,1.49,6.25,2.48,-739036.62,10672386.97,8837198.68,1835188.29,1449685.00,10350207.32,92944.76,25212.34,6356916.56,9933350.35,1115777.46,845816.14
10.18041416,8.149205278,3580726.73,3334189.94,2389120.69,14618.94,930450.31,411848.73,2336353.14,5126698.20,195741.68,1583359.13,59360.46,64001.19,485621.32,1204784.14,441754.54,3201.53,549929.49,204906.50,84108.52,9335.41,240594.26,32339.25,1.51,6.25,2.58,324136.19,9279402.54,7367600.12,1911802.42,1589175.36,10580529.06,93261.33,229602.09,6195146.02,9603538.73,1172511.30,625955.32
6.891880966,3.740371606,2653864.07,3381469.36,2406675.90,16462.91,958330.55,423202.98,2336145.86,4656034.41,153360.44,1420186.81,73607.44,64460.43,342267.50,902313.79,464330.20,3432.18,596118.32,237238.12,98084.34,18340.47,282294.36,33221.80,1.41,7.50,2.29,169007.88,8853786.54,7211338.25,1642448.30,1671012.99,10820980.03,698.34,121523.92,6765281.98,9022794.42,1189596.57,890600.90
6.364369664,5.602626351,2955290.83,3240824.02,2193573.11,12082.11,1035168.80,396928.67,2389494.93,4775193.57,182376.92,1522289.50,70930.17,53171.07,368764.79,984564.08,481390.54,3412.17,559717.83,226861.99,99745.69,20461.95,201506.86,31890.91,1.40,8.00,2.34,795069.63,8924890.19,6943442.23,1981447.95,1763467.72,11294049.76,698.34,412379.48,6105081.39,9719959.81,1449185.36,830344.32
3.60154525,4.790275717,4130570.31,3128904.77,2022201.71,14444.87,1092258.19,409798.04,2394392.07,4755954.07,192578.27,1417250.38,72102.90,70603.03,330113.29,1043020.90,517328.41,3520.64,537210.36,269737.11,86720.23,18835.24,196933.30,31740.23,1.46,9.25,2.32,1721422.88,9299452.88,7314509.01,1984943.87,1783327.91,11707572.40,698.34,272632.09,6350327.38,11020875.76,1021378.18,1063678.55
4.68671846,8.919594954,3689653.56,3123048.05,1976185.90,16428.39,1130433.75,587900.13,2520871.70,5561500.37,207927.61,1723319.96,77905.47,80182.55,353551.02,1215967.30,568416.54,3459.99,614330.87,353832.94,89565.29,19176.87,253863.95,32639.78,1.41,12.00,2.27,772793.99,12741651.96,6972366.28,5769285.69,1861410.97,11933865.57,772434.50,259278.00,6643750.21,13514445.96,1220864.54,763527.58
3.455498846,6.013788073,2805803.39,3404226.64,2207300.05,17829.79,1179096.80,464059.99,2372083.93,4869332.09,149024.86,1483622.25,88340.29,76807.83,438293.51,939107.77,501458.55,3061.40,431896.37,242685.15,102502.24,24923.55,387608.31,35197.44,1.67,12.00,2.38,760916.05,12641717.85,6961405.06,5680312.79,1913301.66,12161580.68,823524.11,103230.67,6977498.43,13402633.90,1387259.65,1319775.14
4.10907662,6.819945592,3160094.68,3154458.06,1970219.52,15185.84,1169052.70,554283.67,2429742.75,5024468.61,177251.18,1609897.36,88916.35,58600.19,444546.74,1029071.99,503704.68,3441.42,463256.22,231093.41,102053.56,26306.68,286328.83,35412.50,1.76,12.00,2.37,-149906.00,13424724.81,7574598.22,5850126.59,1938394.60,12424055.72,843105.16,43596.51,7193697.18,13274818.81,1096706.57,799790.98
5.572447266,4.899410832,4307966.75,3484527.24,2221019.12,17647.89,1245860.23,457864.51,2453205.81,4941870.43,185063.41,1442732.35,74482.89,82625.51,392159.17,1109844.94,569870.54,3479.06,436982.67,274599.25,90303.00,22658.00,257069.65,40640.40,1.79,12.00,2.51,-719813.03,13893486.14,7664015.54,6229470.60,1941431.58,13157394.13,1254989.61,285957.76,9003739.94,13173673.11,1167092.03,467266.65
3.635804777,5.659372647,4055840.80,2984833.58,1774717.14,20466.75,1189649.69,513256.12,2598646.32,5893327.68,199736.80,1732261.46,81202.61,92916.85,412906.48,1301912.11,615038.76,3388.51,506597.16,357518.59,95441.94,23945.81,470460.61,43830.42,1.66,12.00,2.21,785027.11,13732825.65,7672657.18,6060168.47,2018641.81,14089673.74,1339730.55,283589.32,8715647.35,14517852.76,1319094.69,723905.91
4.454849954,7.443043676,2874849.13,3404315.32,1955768.08,20119.26,1428427.98,532140.14,2520207.73,5203908.63,155641.63,1574537.00,92051.01,126761.51,475570.70,1020105.42,508248.49,3191.90,416464.61,286849.47,106630.62,28442.12,409414.16,47884.12,1.77,12.00,2.21,-580874.10,13926713.31,7901817.51,6024895.80,2062087.46,14695870.62,1431541.44,458030.63,9368368.14,13345839.21,1248219.25,696015.49
5.401893488,8.882759061,3241176.38,3098769.25,1646663.33,18317.27,1433788.65,628357.70,2565516.56,5562943.66,183608.50,1758522.30,104324.39,101612.25,483741.43,1192288.40,519518.35,3540.83,464786.77,256102.30,112143.93,30386.54,352367.67,44957.00,2.04,12.00,2.02,779373.73,14395619.37,8309384.24,6086235.13,2101494.56,14755743.89,1455872.92,151812.39,8937814.83,15174993.10,1254802.49,690024.04
5.170439479,8.460508825,4456105.79,3396568.90,1894182.98,20469.17,1481916.75,520965.66,2618691.70,5462040.40,191703.98,1545840.23,95187.60,143858.05,429154.41,1258413.46,590171.67,3481.18,436428.95,334794.64,102439.69,26073.82,304492.71,44108.48,2.43,12.00,2.22,429305.81,14974616.37,8922379.29,6052237.08,2206986.40,14981922.52,2372253.80,513134.03,8549975.67,15403922.18,1243363.29,817988.62
6.769704084,8.775081988,4178391.91,3114856.50,1608669.00,23962.42,1482225.07,590913.19,2803483.29,6444519.89,207124.41,1904170.82,104014.89,168395.59,445178.96,1433829.70,647171.67,3506.30,511162.12,400667.59,106503.21,27542.40,485252.22,42847.31,2.53,12.00,2.11,1860777.38,15279756.61,9343053.34,5936703.26,2378165.53,15859757.45,2275851.65,1133672.40,8262175.88,17140533.98,1217241.80,706759.22
6.214189149,8.206565377,3033970.43,3498208.50,1826669.19,22964.51,1648574.80,627286.61,2678514.71,5600699.25,160209.70,1681208.55,97974.02,156260.98,517768.24,1052424.81,538008.85,3143.87,445394.81,307200.39,109003.56,32845.83,499255.62,37399.22,3.38,12.00,2.14,2669909.61,16034173.34,9958625.66,6075547.69,2428879.73,16340824.50,2621191.43,381599.32,6359694.37,18704082.95,1174558.48,828151.61
6.543513468,6.714783731,3360450.48,3388257.26,1731376.95,22154.73,1634725.59,695565.83,2697757.92,5942590.82,190842.65,1898288.88,91177.78,125856.14,517580.80,1251295.43,553519.56,3539.64,470243.20,274896.23,119839.61,34477.55,411033.35,37330.03,3.42,12.00,2.17,931560.33,16376205.66,10308480.75,6067724.91,2436071.81,16294441.81,2856207.73,343010.60,7446595.87,17307765.99,1133120.83,867472.19
6.227858973,7.505764631,4655322.16,3567951.88,1826084.54,22882.04,1718985.30,579913.75,2796899.00,5879040.78,199759.88,1674174.08,82902.73,169952.78,465888.23,1332694.08,631097.03,3664.11,441966.97,364179.40,119124.53,30021.29,363615.66,38278.62,3.43,12.00,2.09,1595158.68,17094358.33,10982161.85,6112196.48,2510457.68,17288016.17,2692915.98,622932.79,7371064.95,18689517.01,1065561.07,876796.74
5.943158379,6.436543802,4330646.27,3336829.72,1627684.09,27213.58,1681932.05,665698.56,2952623.98,6864557.92,219878.67,2003390.52,110386.78,187644.82,481432.47,1519313.63,667812.67,3634.86,517338.18,445677.35,124665.96,31838.00,551544.00,34241.54,3.46,13.00,2.23,574649.33,18223784.77,11985519.70,6238265.08,2674037.40,17286267.80,3491742.86,551060.45,6744385.35,18798434.10,822126.69,799928.92
3.963563572,5.588714301,3176598.14,3340475.57,1677854.70,25553.80,1637067.07,697366.62,2851774.41,5984386.64,166402.04,1840802.04,78894.39,197924.16,564395.05,1084792.83,575222.37,3314.17,389597.47,328505.92,111298.27,38819.76,604418.18,29357.21,3.76,13.00,2.14,1468840.10,18605340.14,12663276.30,5942063.84,2938378.09,17126021.68,3786659.23,208199.46,6225849.66,20074180.23,736699.63,1227451.02
2.354544563,3.458076795,3477845.23,3209814.93,1613750.30,23726.41,1572338.22,740204.22,2834611.45,6200866.08,200076.32,2017153.68,86681.89,114567.09,550734.35,1288487.69,586851.81,3646.64,420192.52,294867.70,122704.93,36648.33,478253.13,28335.21,3.60,13.00,2.07,2370722.71,18894115.35,12904619.63,5989495.71,2879645.20,17072561.35,3971886.88,308606.15,5400500.93,21264838.06,788412.22,923898.39
2.844003611,3.052428561,4816519.15,3558756.91,1845393.61,24489.74,1688873.56,579297.92,2920098.66,6101561.96,209454.24,1762350.06,87336.78,160745.42,496473.91,1360104.16,665076.10,3767.89,385492.87,393442.80,122098.45,31940.77,423278.51,29880.21,3.72,13.00,2.22,2862143.44,18592228.86,12619137.58,5973091.28,2903952.56,17284104.95,3879107.66,217396.73,4547549.70,21454372.30,682132.76,788120.82
2.112331033,3.135779389,4481257.62,3210078.78,1492965.14,28773.86,1688339.78,663347.24,3091103.14,7087965.28,229523.14,2087808.06,114401.69,180978.65,512293.52,1531311.21,688923.69,3745.27,449499.92,481890.66,128234.85,33920.39,645434.23,28284.82,3.33,11.00,2.08,2519241.72,18811524.45,12447995.74,6363528.71,3048876.68,18141084.31,2426491.02,1129364.10,5324533.30,21330766.17,610288.25,792508.71
-0.665936659,-0.182245177,3274725.01,3126387.54,1597161.50,6738.00,1522488.04,659950.18,2909263.86,5973387.93,190912.72,1915707.67,55205.04,183250.31,500721.38,1033869.15,569883.03,3285.16,372471.20,341069.10,111906.83,42082.96,653023.38,27336.38,3.26,12.00,1.96,3520358.62,18962406.02,12430809.77,6531596.25,3325177.15,18634813.71,2966194.10,589554.25,4983490.92,22482764.64,533607.16,612485.18
-1.486936853,-0.384749549,3635533.13,2969885.29,1426084.54,24352.72,1519448.03,693744.65,2833632.17,6085747.17,189398.68,2044476.85,82806.37,107242.41,491158.49,1220527.28,593105.10,3498.66,394453.72,303373.68,119462.76,37307.67,498935.49,26505.50,3.61,12.00,1.77,3002451.89,21415047.52,14802087.93,6612959.58,3388649.84,20014976.11,2898498.99,401460.59,6134287.09,24417499.40,658268.88,978795.86
-2.34082895,0.026859783,5035069.06,3061249.14,1420267.99,26086.50,1614894.65,543808.12,2879664.75,6035650.62,210972.66,1781886.93,85432.68,152906.74,509600.33,1259867.76,674359.27,3768.26,371731.33,393011.56,119281.89,32575.31,440255.90,23806.51,4.05,14.00,1.65,3859414.84,22677974.11,15053203.72,7624770.39,3456212.74,20501239.34,2805313.22,258322.51,6874516.70,26537388.95,787785.25,862238.33
-1.727738535,-0.328286542,4662010.12,2904527.23,1228692.98,30432.52,1645401.73,623349.23,3046500.61,6977150.10,217313.23,2116626.83,111801.06,176019.77,526032.10,1389340.45,698944.63,3822.66,430861.50,481478.75,125038.53,34614.02,665256.58,26990.58,4.18,14.00,1.58,4503565.38,22326326.24,14984256.92,7342069.32,3674543.77,21350316.76,2934183.20,389755.88,7852145.57,26829891.61,981435.93,796380.02
-0.914145242,0.720896512,3385600.83,2900034.62,1347988.99,8858.15,1543187.49,660920.64,2819562.17,6031847.57,211047.14,1968087.82,56502.08,175995.55,504071.68,1001774.13,578299.17,3325.31,364765.95,344006.91,113100.03,46992.61,663879.18,29996.38,4.23,14.00,1.60,5039577.68,22750549.17,15253690.31,7496858.85,3819285.83,20377468.09,2979390.28,330557.19,6770733.93,27790126.85,941493.26,916216.91
0.716321208,0.44526778,3745091.59,3030477.11,1476395.35,24909.06,1529172.70,694618.72,2787855.05,6076676.80,177693.89,2020909.34,102660.20,102896.77,542506.43,1177497.33,582917.52,3442.17,400889.27,299293.86,118310.52,37077.21,510582.27,30340.96,4.08,14.00,1.95,4807962.00,22356800.86,14962700.42,7394100.45,3723281.14,19927740.46,2986159.92,270703.21,7131122.50,27164762.86,1027708.52,1034184.77
1.166512814,-0.758321232,5189365.99,3342592.69,1747410.92,26327.08,1568854.70,541311.33,2829605.68,5857352.47,197780.18,1702138.41,92128.79,153179.88,479208.91,1207994.54,665057.94,3793.78,369042.18,388210.65,118263.47,32719.53,447834.20,33159.73,4.08,14.00,1.93,4808233.47,22500480.40,14799132.65,7701347.74,3716329.16,20099039.66,3175126.81,253815.46,8371369.75,27308713.86,1310486.31,912528.41
2.11123065,1.454062959,4859436.87,3041572.37,1366252.43,27638.03,1647681.91,649140.64,3109422.75,6938494.45,253325.52,2085761.40,126320.85,177393.46,527214.81,1307125.27,703400.56,3905.23,428922.14,476471.37,124563.23,35840.55,688250.06,39353.49,4.08,14.00,1.96,3712927.50,22243193.53,14766885.85,7476307.69,3945353.67,22161995.94,3413623.02,568067.28,10977373.74,25956121.04,1427364.61,766839.40
1.890676047,0.758747965,3487312.92,3143788.96,1537038.44,11186.87,1595563.65,650767.19,2747170.57,6067614.53,241534.71,1999209.11,61027.25,176498.35,571134.17,907593.68,564694.65,3307.92,358496.20,345537.77,112685.85,47132.89,678761.98,46730.54,4.07,14.00,1.95,4217727.37,22279793.18,14353059.14,7926734.05,4086432.18,22256133.21,3628315.01,743326.42,10144936.54,26497520.55,1470514.51,1163544.83
1.504701728,2.046738367,3789720.12,2983260.53,1418073.13,25620.64,1539566.75,747860.30,2728125.96,6331541.15,216351.50,2259564.73,111806.01,105401.85,549432.74,1131763.57,594967.30,3324.81,380006.76,297293.69,118790.00,38366.32,524471.89,47157.90,4.07,14.00,1.78,2369666.29,22230901.66,14121088.35,8109813.31,4222689.09,22780239.64,3897750.94,217274.96,11823891.54,24600567.95,1574215.44,844366.86
1.808050728,2.322627889,5288339.21,3322920.76,1696606.69,27270.56,1599043.51,544228.74,2857370.77,6068482.62,221416.44,1907885.53,104510.68,157259.25,456182.57,1175656.69,677860.50,3870.51,365540.65,386568.22,117455.89,33646.20,460629.46,42608.95,4.07,14.00,1.96,2929505.54,22978284.59,14989866.00,7988418.60,4447570.49,23543374.12,4044222.00,487149.45,12918729.70,25907790.14,1770388.08,1126285.05
2.38396021,2.701202143,4978775.48,3063097.13,1344156.80,32523.95,1686416.37,662431.53,3141123.70,7196009.75,277338.67,2360999.95,127728.46,181031.20,517927.07,1256847.82,706613.23,3937.63,427538.21,478161.40,123769.86,37338.61,696777.64,42594.84,4.07,14.00,1.90,4916771.28,23536259.27,13226994.92,10309264.35,4792480.09,24548064.65,4276894.81,228495.95,11838710.07,28453030.55,1418534.76,786839.39
2.099184486,2.474623154,3597916.08,3135524.31,1514641.29,12421.19,1608461.83,671448.37,2770454.69,6259209.21,288637.00,2188810.43,64825.41,183831.29,527749.58,916064.55,574481.80,3355.32,307550.32,346165.27,112506.18,50489.39,694742.66,44793.08,3.97,13.50,2.02,7274271.82,25707786.06,13790568.06,11917218.00,4989886.15,24698710.79,4360363.80,387887.77,10022581.12,32982057.88,1487187.88,1690696.61
2.116502231,1.64351583,3857705.59,3082294.97,1519802.94,24969.86,1537522.17,752833.66,2721316.70,6517283.97,233705.81,2463113.02,117091.44,108482.91,537150.37,1088267.52,602156.45,3392.34,367112.43,300161.48,120126.87,38677.98,537845.35,44747.02,3.93,13.50,2.12,7716210.73,24786950.33,13862772.67,10924177.67,5091251.83,25804431.54,4302341.24,525852.31,9936479.67,32503161.07,1513015.85,1514792.51
2.282861875,1.847035013,5408978.92,3447096.58,1806746.96,23764.98,1616584.64,557147.53,2815887.74,6265003.41,261809.92,2096318.89,94995.15,160848.58,461049.43,1148470.43,660127.24,3988.47,367755.38,391169.57,118468.79,34619.58,465381.99,40689.89,3.93,13.50,2.06,9924355.94,25758782.02,14505341.99,11253440.03,5174665.74,25237783.06,4402257.52,275273.23,5397548.49,35683137.96,2236087.34,1554409.88
2.553837478,2.264620172,5093983.13,3167546.80,1429667.98,30615.58,1707263.24,671110.60,3122887.95,7472196.49,275118.66,2561682.51,120431.63,184695.99,622439.14,1213548.10,710530.76,3987.57,427802.26,482164.11,123072.93,39148.08,707574.74,38092.72,3.89,13.50,1.96,10098139.54,26616743.82,16249769.50,10366974.32,5703993.78,26855305.43,5274752.72,645980.95,5944460.02,36714883.36,1775802.30,1513298.12
1.869580972,1.545922948,3677153.49,3212408.07,1591248.22,5769.26,1615390.58,682791.74,2692253.73,6477202.90,296779.23,2356225.32,63971.31,178331.47,637487.10,872533.43,572257.93,3291.58,280721.30,348558.96,113695.47,51263.12,702086.67,33689.05,3.89,13.50,2.04,10009034.68,28422913.43,17252264.49,11170648.94,6299683.25,29119284.83,7039702.93,501133.81,7593219.69,38431948.11,970311.53,1632665.29
-6.104048247,-6.052171554,3918668.40,2845377.36,1419038.39,23767.58,1402571.39,513692.43,2269985.07,6350208.68,118654.96,2834907.10,117016.62,64886.95,636491.50,848905.93,509346.47,3311.31,374511.56,227752.16,122402.84,35223.55,456797.74,35779.68,3.78,12.50,1.69,8898424.84,29555514.73,17624231.40,11931283.32,7217998.46,30725236.32,10462013.23,165306.99,8360081.23,38453939.57,795462.47,1680805.56
-3.620784862,-2.508824134,5484063.93,3180729.11,1555771.57,32748.48,1592209.06,572977.23,2474504.80,6112207.01,149282.44,2401459.91,94533.02,124480.10,475837.18,994521.86,592062.79,3940.15,380904.94,310036.17,121812.13,33002.68,430333.65,35964.53,2.41,11.50,1.59,9683889.71,29745781.51,18506004.54,11239776.97,8324275.97,32946961.60,10496584.31,335730.27,7579035.48,39429671.22,901337.27,1772009.23
0.114826205,1.685005314,5268290.12,2872468.84,1147137.70,43910.03,1681421.10,679254.80,3022957.58,7707176.57,258748.42,2944552.50,118494.67,156928.87,599867.75,1247627.96,671916.49,3775.74,435517.94,427041.45,126826.45,38551.68,677326.65,36476.89,2.04,11.50,1.42,12404818.95,30149603.45,18713659.70,11435943.75,8898750.23,35209367.91,9132695.20,744697.41,7337626.60,42554422.40,1178698.45,1823005.41
0.508190964,0.793733231,3760880.60,3232455.36,1556073.55,5988.12,1670393.69,692520.88,2626861.27,6514172.17,231805.43,2508641.06,71340.47,170122.91,634543.00,887934.72,550302.59,3266.09,278241.06,326944.62,118980.63,50684.99,681364.60,35137.84,1.86,11.50,1.65,11994167.43,31440908.45,20284804.71,11156103.74,9140364.36,35913168.77,9629131.02,582959.54,6725994.75,43435075.88,1168800.86,2232608.72
5.011558854,6.742998225,3969697.16,2717066.75,1239461.07,26094.46,1451511.22,532693.68,2780511.10,6694697.46,209788.41,2992380.43,183591.69,66167.03,620715.99,881567.26,515838.02,3469.89,368209.62,229197.75,128419.76,35652.64,459698.95,32990.71,1.81,11.50,1.53,11518865.81,32629401.16,21309821.29,11319579.87,9000037.01,36540142.29,9104362.64,170929.58,7292249.57,44148266.97,1823938.63,2384838.05
4.031379421,5.443243859,5550940.85,3081409.32,1388798.49,32047.02,1660563.82,596445.97,2769060.99,6545197.45,180043.45,2633484.62,107693.36,127075.63,586376.54,1017594.96,598656.74,4072.41,380337.42,314285.45,127891.66,34217.13,433468.09,41571.37,1.28,11.50,1.46,13005389.10,33936527.14,22410024.13,11526503.01,7315487.16,38077635.11,9510051.62,193781.62,5807745.38,46941916.24,2059699.88,1597038.52
